"1.36","5.4","11.5","1.44","5.0","8.8","0.9936","1.0","0.968","1.3","4.6","8.5","1.35","4.75","6.55","0.9315","0.95","0.7205","1.33","4.6","8.5","1.44","4.5","8.0","0.9936","0.9","0.88","1.35","5.0","7.2","1.33","5.0","8.0","0.9177001","1.0","0.88","1.3","5.25","10.0","1.33","5.0","9.5","0.9177001","1.0","1.045","1.33","4.33","8.5","1.4","4.5","8.0","0.966","0.9","0.88","1.35","4.75","8.25","1.44","4.5","6.5","0.9936","0.9","0.715","1.36","5.0","7.5","1.45","4.75","8.0","1.0005","0.95","0.88","1.33","4.75","9.0","1.33","4.75","9.0","0.9177001","0.95","0.99","1.35","4.5","7.3","1.44","4.75","7.25","0.9936","0.95","0.7975","1.12","-1.5","0.77","1.05","-1.25","0.87","1.06","2.75","0.8","0.87","2.75","1.03","0.1","12.0"
"2.48","3.4","3.2","2.52","3.25","3.35","0.9827999","0.975","1.0385","2.3","3.25","2.75","2.2","3.2","2.95","0.858","0.96","0.9145","2.37","3.25","2.8","2.3","3.2","3.4","0.897","0.96","1.054","2.2","3.3","3.1","2.3","3.3","2.9","0.897","0.99","0.899","2.4","3.2","3.0","2.4","3.2","3.0","0.936","0.96","0.93","2.4","3.3","2.7","2.37","3.2","3.0","0.9242999","0.96","0.93","2.4","3.1","3.0","2.5","3.2","3.1","0.975","0.96","0.961","2.25","3.5","3.0","2.3","3.25","3.5","0.897","0.975","1.085","2.4","3.2","2.9","2.25","3.1","3.25","0.8774999","0.93","1.0075","2.25","3.3","2.8","2.28","3.2","3.45","0.8892","0.96","1.0695","1.0","-0.25","0.88","0.96","-0.25","0.96","0.98","2.25","0.88","0.85","2.0","1.05","0.0","1.0"
"3.25","3.45","2.42","3.15","3.45","2.48","0.9765","1.0005","0.992","2.8","3.3","2.25","2.75","3.25","2.3","0.8525","0.9425","0.92","3.5","3.25","2.05","3.2","3.4","2.3","0.992","0.986","0.92","3.1","3.3","2.2","2.9","3.3","2.3","0.899","0.957","0.92","3.1","3.3","2.3","3.0","3.3","2.35","0.93","0.957","0.94","3.2","3.3","2.1","3.1","3.1","2.4","0.961","0.8989999","0.96","3.2","3.3","2.2","2.95","3.25","2.55","0.9145","0.9425","1.02","3.0","3.5","2.25","3.1","3.4","2.45","0.961","0.986","0.98","3.0","3.3","2.3","2.95","3.3","2.35","0.9145","0.957","0.94","2.9","3.3","2.2","3.0","3.4","2.42","0.93","0.986","0.9680001","0.87","0.25","1.01","0.84","0.25","1.08","0.98","2.5","0.88","0.8","2.5","1.0","12.0","22.0"
"2.08","3.4","4.2","1.91","3.55","5.1","0.955","0.994","1.122","1.93","3.32","3.5","1.95","3.25","3.55","0.975","0.91","0.781","2.0","3.25","3.6","1.9","3.4","4.33","0.95","0.952","0.9526","2.1","3.3","3.3","2.0","3.3","3.6","1.0","0.924","0.792","1.95","3.4","3.85","1.83","3.4","4.5","0.915","0.952","0.99","2.1","3.3","3.2","1.85","3.3","4.5","0.925","0.924","0.99","2.0","3.3","3.7","1.95","3.4","4.33","0.975","0.952","0.9526","2.0","3.4","3.75","2.0","3.3","4.5","1.0","0.924","0.99","2.0","3.3","3.75","1.8","3.3","4.6","0.9","0.924","1.012","2.02","3.35","3.25","2.0","3.3","4.2","1.0","0.924","0.924","1.05","-0.5","0.83","1.01","-0.5","0.91","0.96","2.25","0.9","1.11","2.25","0.8","0.0","1.0"
"3.7","3.55","2.16","3.85","3.65","2.12","1.001","1.022","0.9751999","3.18","3.3","2.05","3.4","3.2","2.0","0.884","0.896","0.92","3.3","3.3","2.1","3.75","3.4","2.05","0.975","0.952","0.943","3.1","3.3","2.2","3.1","3.3","2.2","0.8059999","0.924","1.012","3.6","3.4","2.05","3.75","3.4","2.0","0.975","0.952","0.92","3.2","3.3","2.1","3.6","3.3","2.05","0.9359999","0.924","0.943","3.3","3.4","2.1","3.6","3.5","2.1","0.9359999","0.98","0.966","3.2","3.4","2.2","3.8","3.6","2.05","0.988","1.008","0.943","3.4","3.3","2.1","3.6","3.4","2.0","0.9359999","0.952","0.92","3.1","3.3","2.1","3.85","3.45","2.02","1.001","0.966","0.9292","1.05","0.25","0.83","0.9","0.5","1.02","0.96","2.5","0.9","0.95","2.5","0.95","0.0","01"
"2.28","3.4","3.65","2.18","3.5","3.75","0.9592","1.015","1.0125","2.1","3.27","3.1","2.0","3.1","3.55","0.88","0.8989999","0.9585","2.3","3.3","2.9","2.2","3.4","3.5","0.968","0.986","0.9450001","2.2","3.3","3.1","2.2","3.3","3.1","0.968","0.957","0.837","2.15","3.3","3.4","2.1","3.3","3.5","0.924","0.957","0.9450001","2.25","3.3","2.9","2.05","3.2","3.8","0.902","0.928","1.026","2.2","3.3","3.1","2.2","3.4","3.4","0.968","0.986","0.918","2.3","3.5","2.87","2.1","3.5","3.75","0.924","1.015","1.0125","2.15","3.2","3.4","2.05","3.25","3.6","0.902","0.9425","0.972","2.15","3.3","3.0","2.04","3.3","4.0","0.8976","0.957","1.08","0.9","-0.25","0.98","1.04","-0.5","0.88","1.12","2.5","0.75","1.0","2.25","0.9","11.0","22.0"
"1.31","5.9","12.5","1.3","6.0","14.5","0.975","1.02","1.16","1.25","5.0","9.5","1.25","5.2","8.85","0.9375","0.884","0.708","1.3","4.8","9.0","1.28","6.0","11.0","0.96","1.02","0.88","1.33","5.0","7.8","1.3","5.0","9.0","0.975","0.85","0.72","1.28","5.5","10.0","1.25","5.5","13.0","0.9375","0.935","1.04","1.25","5.0","10.0","1.3","5.0","10.0","0.975","0.85","0.8","1.3","5.25","9.25","1.33","5.5","9.75","0.9975001","0.935","0.78","1.33","5.0","8.5","1.3","5.75","12.0","0.975","0.9775","0.96","1.28","5.25","9.5","1.25","5.5","12.0","0.9375","0.935","0.96","1.28","5.0","8.3","1.29","5.85","10.2","0.9675","0.9945","0.816","0.93","-1.5","0.95","1.02","-1.5","0.9","0.96","2.75","0.9","0.84","2.75","0.96","11.0","21.0"
"1.4","5.2","9.6","1.42","5.2","9.4","0.9798","0.988","1.034","1.33","4.5","7.6","1.35","4.5","7.0","0.9315","0.855","0.77","1.36","4.5","8.0","1.4","4.6","8.5","0.966","0.874","0.935","1.37","4.6","7.5","1.37","4.6","7.5","0.9453","0.874","0.825","1.37","4.75","8.0","1.35","5.0","8.5","0.9315","0.95","0.935","1.36","4.2","8.0","1.36","4.5","9.0","0.9384","0.855","0.99","1.36","4.75","7.75","1.42","4.75","7.75","0.9798","0.9025","0.8525","1.4","4.5","7.5","1.44","4.75","8.5","0.9936","0.9025","0.935","1.36","4.7","8.0","1.36","4.75","8.0","0.9384","0.9025","0.88","1.35","4.5","7.3","1.44","4.7","7.7","0.9936","0.8929999","0.847","1.08","-1.5","0.8","1.0","-1.25","0.92","0.85","2.75","1.01","0.8","2.75","1.0","10","21.0"
"6.0","4.6","1.62","5.9","4.4","1.65","1.062","1.056","0.957","5.4","3.8","1.52","5.3","4.1","1.48","0.9540001","0.984","0.8584","5.0","3.75","1.61","5.0","4.2","1.66","0.9","1.008","0.9628","4.9","3.7","1.65","4.9","3.6","1.67","0.882","0.864","0.9686","5.75","4.0","1.57","5.5","4.0","1.57","0.99","0.96","0.9106","6.0","3.8","1.5","5.0","3.75","1.67","0.9","0.9","0.9686","5.5","4.0","1.57","4.75","3.8","1.67","0.855","0.9119999","0.9686","5.0","3.75","1.66","5.75","4.33","1.61","1.035","1.0392","0.9338","5.5","4.0","1.57","5.0","4.0","1.6","0.9","0.96","0.928","5.2","3.8","1.55","5.4","4.2","1.61","0.9720001","1.008","0.9338","1.12","0.75","0.77","0.87","1.0","1.05","0.96","2.75","0.9","0.95","2.75","0.95","01","02"
"10.0","5.1","1.4","10.5","5.1","1.4","1.155","1.02","0.966","7.3","4.4","1.35","9.0","4.45","1.3","0.99","0.89","0.897","9.0","3.8","1.4","9.0","4.8","1.4","0.99","0.96","0.966","6.8","4.6","1.4","6.8","4.6","1.4","0.748","0.92","0.966","8.0","4.75","1.37","9.0","4.75","1.35","0.99","0.95","0.9315","6.0","3.8","1.5","9.0","4.5","1.36","0.99","0.9","0.9384","7.5","4.6","1.4","7.5","4.6","1.4","0.825","0.92","0.966","6.5","4.5","1.44","9.0","5.0","1.4","0.99","1.0","0.966","8.0","4.7","1.36","8.0","4.7","1.36","0.88","0.94","0.9384","7.3","4.5","1.35","7.7","5.0","1.4","0.847","1.0","0.966","0.83","1.5","1.05","0.66","1.5","1.35","1.01","2.5","0.85","0.82","2.5","0.98","13.0","13.0"
"2.06","3.3","2.48","2.58","3.4","3.05","0.9804","0.986","1.0065","2.4","3.3","2.6","2.4","3.3","2.6","0.912","0.957","0.858","2.3","3.4","3.0","2.5","3.3","2.87","0.95","0.957","0.9471","2.3","3.3","2.9","2.4","3.2","2.85","0.912","0.928","0.9405","2.35","3.3","3.0","2.5","3.3","2.75","0.95","0.957","0.9075","2.2","3.2","2.8","2.62","3.1","2.8","0.9955999","0.8989999","0.924","2.25","3.25","3.1","2.65","3.4","2.7","1.007","0.986","0.891","2.3","3.4","3.0","2.5","3.4","3.0","0.95","0.986","0.99","2.5","3.25","2.75","2.4","3.2","2.95","0.912","0.928","0.9735001","2.4","3.2","2.7","2.58","3.2","2.9","0.9804","0.928","0.9570001","0.8","0.0","1.08","0.84","0.0","1.08","1.03","2.5","0.83","0.97","2.25","0.93","00","00"
"1.2","5.3","5.0","1.22","7.6","19.0","0.9638001","1.064","1.33","1.2","5.8","10.0","1.15","6.5","12.0","0.9085","0.91","0.84","1.16","7.0","15.0","1.22","6.0","13.0","0.9638001","0.84","0.91","1.22","5.5","12.0","1.22","5.5","12.0","0.9638001","0.77","0.84","1.18","6.5","16.0","1.18","6.5","16.0","0.9322","0.91","1.12","1.17","5.5","11.0","1.2","6.0","15.0","0.9480001","0.84","1.05","1.2","6.5","11.5","1.25","6.25","12.5","0.9875","0.875","0.875","1.2","7.0","11.0","1.2","7.5","17.0","0.9480001","1.05","1.19","1.22","6.0","10.5","1.17","7.0","15.0","0.9243","0.98","1.05","1.25","5.0","10.0","1.17","7.6","17.0","0.9243","1.064","1.19","1.03","-1.75","0.85","0.81","-1.75","1.12","0.96","3.0","0.9","0.87","3.0","1.03","00","20.0"
"1.75","3.4","4.2","1.66","4.1","6.2","0.9462","1.025","1.054","1.68","3.5","4.45","1.6","3.5","5.12","0.912","0.875","0.8704","1.75","3.6","4.8","1.66","3.75","5.0","0.9462","0.9375","0.85","1.7","3.6","4.7","1.7","3.6","4.7","0.969","0.9","0.799","1.73","3.6","4.75","1.63","3.75","5.5","0.9291","0.9375","0.935","1.8","3.3","3.75","1.7","3.5","5.5","0.969","0.875","0.935","1.8","3.5","4.33","1.75","3.6","5.25","0.9975","0.9","0.8925","1.8","3.6","4.33","1.7","3.9","5.5","0.969","0.975","0.935","1.7","3.6","4.8","1.66","3.7","5.0","0.9462","0.925","0.85","1.73","3.5","4.2","1.69","3.8","5.27","0.9633","0.95","0.8959","0.98","-0.75","0.9","0.9","-0.75","1.02","0.96","2.5","0.9","1.05","2.5","0.85","10.0","10.0"
"2.04","3.35","2.66","2.56","3.4","3.1","0.9983999","1.02","0.961","2.3","3.2","2.8","2.25","3.25","2.85","0.8774999","0.975","0.8835","2.3","3.2","3.2","2.5","3.1","3.0","0.975","0.93","0.93","2.3","3.3","2.9","2.3","3.3","2.9","0.897","0.99","0.899","2.3","3.25","3.1","2.35","3.25","3.0","0.9164999","0.975","0.93","2.25","3.2","2.75","2.5","3.1","3.0","0.975","0.93","0.93","2.25","3.25","3.1","2.6","3.1","3.0","1.014","0.93","0.93","2.4","3.4","2.8","2.55","3.3","3.0","0.9944999","0.99","0.93","2.45","3.2","2.9","2.4","3.15","3.05","0.936","0.9450001","0.9455","2.35","3.2","2.75","2.58","3.25","2.9","1.0062","0.975","0.899","1.05","-0.25","0.83","0.86","0.0","1.06","1.09","2.25","0.77","0.86","2.25","1.04","02","13"
"1.7","3.35","3.6","1.78","3.95","5.3","0.9433999","1.027","1.06","1.8","3.4","3.9","1.65","3.55","4.55","0.8744999","0.923","0.91","1.8","3.5","4.5","1.72","3.5","5.0","0.9116","0.91","1.0","1.95","3.35","3.7","1.95","3.35","3.7","1.0335","0.8709999","0.74","1.8","3.5","4.5","1.8","3.5","4.5","0.9539999","0.91","0.9","1.73","3.25","4.2","1.73","3.5","5.0","0.9169","0.91","1.0","1.75","3.6","4.5","1.8","3.75","4.6","0.9539999","0.975","0.92","1.8","3.6","4.33","1.7","3.9","5.5","0.901","1.014","1.1","1.85","3.4","4.2","1.7","3.7","4.8","0.901","0.962","0.96","1.82","3.4","3.85","1.66","4.0","5.3","0.8798","1.04","1.06","0.85","-0.5","1.03","0.86","-0.75","1.06","0.9","2.5","0.96","0.97","2.5","0.93","00","00"
"2.2","3.35","2.32","2.66","3.5","2.92","0.931","1.015","1.0512","2.68","3.2","2.38","2.45","3.15","2.63","0.8575","0.9135","0.9468001","2.62","3.3","2.62","2.62","3.25","2.75","0.9169999","0.9425","0.99","2.75","3.3","2.4","2.75","3.3","2.4","0.9625","0.957","0.8640001","2.8","3.3","2.45","2.75","3.3","2.5","0.9625","0.957","0.9","2.37","3.1","2.62","2.7","3.1","2.7","0.945","0.8989999","0.9720001","2.5","3.3","2.7","2.75","3.25","2.7","0.9625","0.9425","0.9720001","2.6","3.4","2.6","2.62","3.4","2.87","0.9169999","0.986","1.0332","2.8","3.25","2.45","2.55","3.3","2.75","0.8925","0.957","0.99","2.6","3.2","2.5","2.61","3.35","2.8","0.9135","0.9714999","1.008","1.01","0.0","0.87","0.86","0.0","1.06","0.83","2.5","1.03","0.92","2.5","0.98","20.0","22.0"
"2.12","3.3","2.86","2.58","3.25","3.2","1.0062","0.975","0.992","2.25","3.2","2.88","2.2","3.05","3.1","0.858","0.915","0.961","2.3","3.2","3.2","2.5","3.2","3.1","0.975","0.96","0.961","2.3","3.3","2.9","2.3","3.3","2.9","0.897","0.99","0.899","2.25","3.25","3.2","2.35","3.1","3.15","0.9164999","0.93","0.9765","2.2","3.2","2.8","2.5","3.0","3.0","0.975","0.9","0.93","2.2","3.25","3.25","2.5","3.1","2.9","0.975","0.93","0.899","2.25","3.25","3.2","2.45","3.2","3.25","0.9555","0.96","1.0075","2.35","3.2","3.05","2.5","3.0","3.05","0.975","0.9","0.9455","2.35","3.2","2.75","2.42","3.15","3.2","0.9438","0.9450001","0.992","1.05","-0.25","0.83","1.11","-0.025","0.82","1.14","2.25","0.73","0.96","2.0","0.94","10.0","11.0"
"1.36","3.45","6.2","1.54","4.5","7.6","0.9855999","0.99","1.064","1.38","4.2","7.0","1.45","3.9","6.15","0.928","0.858","0.861","1.44","4.33","7.0","1.57","4.0","6.5","1.0048","0.88","0.91","1.45","4.0","7.0","1.45","4.0","7.0","0.928","0.88","0.98","1.4","4.25","9.0","1.42","4.5","7.5","0.9087999","0.99","1.05","1.44","3.75","6.0","1.5","4.0","7.0","0.96","0.88","0.98","1.45","4.2","7.0","1.53","4.0","6.0","0.9791999","0.88","0.84","1.53","4.0","6.0","1.57","4.2","6.5","1.0048","0.924","0.91","1.44","4.2","7.5","1.5","4.2","6.0","0.96","0.924","0.84","1.45","4.0","6.2","1.59","4.25","5.73","1.0176","0.935","0.8022","1.05","-1.25","0.83","1.09","-1.0","0.83","1.01","2.75","0.85","1.09","2.75","0.81","30.0","40.0"
"3.65","3.45","1.65","5.4","4.1","1.74","1.026","1.025","0.957","4.7","3.6","1.63","5.5","3.8","1.52","1.045","0.95","0.836","4.5","3.75","1.72","5.5","4.0","1.66","1.045","1.0","0.913","4.9","3.7","1.65","4.9","3.7","1.65","0.931","0.925","0.9075","4.75","3.6","1.73","4.75","3.75","1.7","0.9025","0.9375","0.9350001","3.75","3.3","1.8","5.5","3.75","1.61","1.045","0.9375","0.8855","4.2","3.6","1.8","4.75","3.7","1.7","0.9025","0.925","0.9350001","4.33","3.6","1.8","5.5","4.2","1.65","1.045","1.05","0.9075","4.8","3.5","1.72","5.25","3.8","1.61","0.9975","0.95","0.8855","4.35","3.5","1.7","5.4","4.15","1.62","1.026","1.0375","0.891","0.93","0.75","0.95","1.09","0.75","0.83","0.85","2.5","1.01","0.98","2.5","0.92","11.0","11.0"
"1.86","4.0","4.5","1.98","3.85","4.2","1.0098","1.001","0.966","1.82","3.38","3.85","1.8","3.45","3.85","0.918","0.897","0.8855","1.9","3.6","3.8","1.85","3.8","4.2","0.9435","0.988","0.966","1.85","3.45","4.0","1.85","3.45","4.0","0.9435","0.897","0.92","1.83","3.75","4.0","1.8","3.75","4.25","0.918","0.975","0.9775","1.91","3.25","3.4","1.85","3.7","4.0","0.9435","0.962","0.92","1.8","3.8","4.0","1.85","3.8","4.2","0.9435","0.988","0.966","1.9","3.5","3.9","1.85","3.9","4.33","0.9435","1.014","0.9959","1.8","3.6","4.2","1.83","3.75","4.0","0.9333","0.975","0.92","1.87","3.4","3.65","1.78","3.9","4.3","0.9078","1.014","0.9890001","0.87","-0.5","1.01","0.8","-0.5","1.13","0.93","2.75","0.93","1.02","3.0","0.88","10.0","31.0"
"5.0","3.8","1.53","6.6","4.1","1.62","1.056","0.984","0.9720001","5.3","4.0","1.5","6.5","4.05","1.42","1.04","0.972","0.852","6.0","4.2","1.45","6.5","4.0","1.57","1.04","0.96","0.9420001","6.1","4.0","1.5","5.6","3.9","1.55","0.896","0.936","0.93","6.0","4.25","1.5","5.75","4.25","1.53","0.92","1.02","0.918","5.0","3.5","1.57","6.5","3.75","1.57","1.04","0.9","0.9420001","5.75","4.0","1.55","5.75","4.0","1.55","0.92","0.96","0.93","5.5","4.0","1.57","6.5","4.2","1.57","1.04","1.008","0.9420001","5.75","4.2","1.53","5.5","3.8","1.6","0.88","0.9119999","0.96","4.85","4.0","1.55","6.1","4.1","1.57","0.976","0.984","0.9420001","0.98","1.0","0.9","0.92","1.0","1.0","0.95","2.75","0.91","0.87","2.5","1.03","00","00"
"2.06","3.35","2.8","2.46","3.3","3.35","0.9594","0.99","1.0385","2.33","3.2","2.75","2.25","3.15","2.9","0.8774999","0.9450001","0.899","2.3","3.1","2.85","2.5","3.25","3.0","0.975","0.975","0.93","2.5","3.3","2.65","2.5","3.3","2.65","0.975","0.99","0.8215001","2.35","3.25","3.0","2.4","3.2","3.0","0.936","0.96","0.93","2.25","3.2","2.75","2.6","3.0","3.0","1.014","0.9","0.93","2.5","3.2","2.8","2.45","3.2","2.85","0.9555","0.96","0.8835","2.6","3.2","2.75","2.55","3.3","3.0","0.9944999","0.99","0.93","2.55","3.3","2.7","2.37","3.1","3.15","0.9242999","0.93","0.9765","2.45","3.25","2.6","2.44","3.25","3.1","0.9516","0.975","0.961","1.14","-0.25","0.75","1.17","-0.25","0.77","1.03","2.25","0.83","1.03","2.25","0.87","10.0","10.0"
"1.2","5.2","5.6","1.2","8.0","19.5","0.96","1.12","1.17","1.14","6.9","12.0","1.16","6.9","10.0","0.928","0.966","0.6","1.15","7.0","15.0","1.22","6.5","15.0","0.976","0.91","0.9","1.2","5.8","13.0","1.2","5.8","13.0","0.96","0.812","0.78","1.18","6.5","16.0","1.17","6.5","18.0","0.936","0.91","1.08","1.14","6.0","12.0","1.2","6.0","15.0","0.96","0.84","0.9","1.2","6.5","12.5","1.2","7.0","16.5","0.96","0.98","0.9899999","1.18","7.0","13.0","1.22","7.0","15.0","0.976","0.98","0.9","1.2","7.0","11.0","1.17","7.0","13.0","0.936","0.98","0.78","1.18","6.5","10.0","1.22","7.2","11.8","0.976","1.008","0.708","1.03","-2.0","0.85","0.99","-1.75","0.93","1.06","3.25","0.8","0.95","3.0","0.95","00","01"
"1.63","3.35","3.9","1.84","3.7","5.2","0.9936001","0.9990001","0.988","1.7","3.4","4.5","1.65","3.4","4.9","0.891","0.918","0.931","1.72","3.3","4.5","1.75","3.6","5.0","0.9450001","0.972","0.95","1.75","3.5","4.5","1.75","3.5","4.5","0.9450001","0.9450001","0.855","1.75","3.5","4.75","1.7","3.6","5.0","0.918","0.972","0.95","1.83","3.3","3.6","1.7","3.4","5.5","0.918","0.918","1.045","1.85","3.4","4.2","1.78","3.6","5.0","0.9612","0.972","0.95","1.83","3.5","4.33","1.7","3.8","5.75","0.918","1.026","1.0925","1.85","3.5","4.3","1.7","3.6","5.0","0.918","0.972","0.95","1.82","3.45","3.8","1.68","3.65","5.81","0.9072","0.9855","1.1039","0.85","-0.5","1.03","0.88","-0.75","1.04","0.98","2.25","0.88","0.82","2.25","1.08","11.0","33.0"
"1.85","3.5","4.0","1.87","3.7","5.0","0.9537","0.9990001","1.1","1.8","3.4","3.9","1.85","3.3","3.8","0.9435","0.891","0.836","1.85","3.3","3.75","1.85","3.6","4.5","0.9435","0.972","0.99","1.8","3.5","4.2","1.8","3.5","4.2","0.918","0.9450001","0.924","1.8","3.4","4.75","1.8","3.4","4.75","0.918","0.918","1.045","1.8","3.4","3.6","2.0","3.2","4.2","1.02","0.864","0.924","1.83","3.4","4.33","1.85","3.4","4.2","0.9435","0.918","0.924","1.85","3.5","4.2","1.95","3.6","4.2","0.9945","0.972","0.924","1.85","3.6","4.0","1.8","3.5","4.33","0.918","0.9450001","0.9526","1.8","3.45","3.95","1.98","3.5","4.0","1.0098","0.9450001","0.88","1.12","-0.75","0.77","1.0","-0.5","0.92","0.91","2.25","0.95","0.94","2.25","0.96","20.0","30.0"
"2.38","3.35","2.6","3.3","3.4","2.44","1.155","0.986","0.8784","2.45","3.2","2.6","3.02","3.2","2.16","1.057","0.928","0.7776","2.25","3.2","2.87","2.9","3.25","2.4","1.015","0.9425","0.8640001","2.3","3.3","2.9","2.5","3.3","2.65","0.875","0.957","0.9540001","2.5","3.25","2.8","2.7","3.25","2.6","0.945","0.9425","0.936","2.2","3.2","2.8","3.0","3.1","2.45","1.05","0.8989999","0.882","2.5","3.3","2.7","2.6","3.25","2.65","0.91","0.9425","0.9540001","2.6","3.2","2.75","3.3","3.3","2.4","1.155","0.957","0.8640001","2.55","3.3","2.7","2.75","3.2","2.55","0.9625","0.928","0.918","2.45","3.25","2.6","3.25","3.38","2.28","1.1375","0.9802","0.8208","1.14","-0.25","0.75","0.91","0.25","1.01","0.93","2.25","0.93","0.93","2.25","0.97","11.0","13.0"
"1.8","2.78","2.9","2.5","3.25","3.35","1.05","0.975","0.938","2.07","3.2","3.22","2.2","3.0","3.15","0.924","0.9","0.882","2.05","3.2","3.3","2.37","3.25","3.25","0.9953999","0.975","0.91","2.0","3.3","3.6","2.1","3.3","3.3","0.8819999","0.99","0.924","2.1","3.3","3.5","2.1","3.3","3.5","0.8819999","0.99","0.98","2.0","3.2","3.2","2.5","3.0","3.1","1.05","0.9","0.868","2.0","3.4","3.6","2.35","3.25","3.3","0.9869999","0.975","0.924","2.15","3.3","3.4","2.5","3.0","3.1","1.05","0.9","0.868","2.15","3.3","3.4","2.2","3.15","3.5","0.924","0.9450001","0.98","2.05","3.3","3.25","2.51","3.15","3.05","1.0542","0.9450001","0.854","1.08","-0.5","0.8","1.13","-0.25","0.8","1.06","2.25","0.8","0.95","2.0","0.95","20.0","21.0"
"2.5","3.3","2.22","3.75","3.45","2.22","1.0125","0.966","0.999","3.3","3.3","2.0","3.6","3.3","1.9","0.972","0.924","0.855","3.2","3.3","2.05","4.2","3.5","1.95","1.134","0.98","0.8775","3.6","3.3","2.0","3.6","3.3","2.0","0.972","0.924","0.9","3.4","3.4","2.1","3.5","3.3","2.1","0.9450001","0.924","0.9449999","2.62","3.1","2.37","4.0","3.3","1.95","1.08","0.924","0.8775","3.2","3.25","2.2","3.5","3.3","2.2","0.9450001","0.924","0.99","3.4","3.4","2.1","4.33","3.6","1.95","1.1691","1.008","0.8775","3.25","3.4","2.15","3.5","3.25","2.1","0.9450001","0.91","0.9449999","3.25","3.3","2.05","4.35","3.43","1.94","1.1745","0.9604","0.873","1.05","0.25","0.83","0.97","0.5","0.94","1.06","2.5","0.8","1.11","2.5","0.8","12.0","36.0"
"3.55","3.1","1.61","4.9","3.8","1.85","1.029","0.988","0.9805","3.8","3.6","1.77","3.68","3.4","1.85","0.7728","0.884","0.9805","4.33","3.8","1.65","4.5","3.6","1.83","0.945","0.9359999","0.9699","4.5","3.5","1.75","4.5","3.5","1.75","0.945","0.91","0.9274999","4.5","3.75","1.75","4.5","3.75","1.75","0.945","0.975","0.9274999","3.75","3.3","1.8","4.0","3.75","1.85","0.84","0.975","0.9805","4.5","3.75","1.72","4.5","3.5","1.78","0.945","0.91","0.9433999","4.2","3.75","1.8","4.5","3.75","1.85","0.945","0.975","0.9805","4.0","3.6","1.83","4.33","3.6","1.75","0.9093","0.9359999","0.9274999","3.95","3.45","1.8","3.95","3.45","2.0","0.8295","0.897","1.06","0.8","0.75","1.08","0.92","0.5","1.0","0.98","2.75","0.88","0.9","2.5","1.0","11.0","11.0"
"2.3","2.84","2.14","2.8","3.6","2.7","1.008","1.008","0.9720001","2.48","3.35","2.48","2.55","3.3","2.45","0.918","0.924","0.882","2.5","3.4","2.4","2.7","3.4","2.7","0.9720001","0.952","0.9720001","2.6","3.2","2.6","2.6","3.2","2.6","0.936","0.896","0.936","2.75","3.4","2.45","2.55","3.4","2.65","0.918","0.952","0.9540001","2.62","3.2","2.3","2.75","3.2","2.62","0.99","0.896","0.9432","2.6","3.5","2.5","2.65","3.1","2.7","0.9540001","0.868","0.9720001","2.7","3.4","2.5","2.75","3.6","2.62","0.99","1.008","0.9432","2.7","3.4","2.5","2.55","3.4","2.62","0.918","0.952","0.9432","2.65","3.25","2.4","2.7","3.53","2.52","0.9720001","0.9884","0.9072","0.77","0.25","1.12","1.05","0.0","0.87","0.88","2.75","0.98","0.82","2.75","1.08","01","03"
"3.05","3.55","2.44","3.1","3.55","2.5","1.023","0.994","0.975","2.75","3.25","2.3","2.45","3.25","2.55","0.8085001","0.91","0.9944999","2.4","3.4","2.5","2.6","3.3","2.87","0.858","0.924","1.1193","2.75","3.3","2.4","2.75","3.3","2.4","0.9075","0.924","0.936","2.9","3.4","2.35","2.9","3.4","2.35","0.9570001","0.952","0.9164999","2.75","3.6","2.4","2.62","3.0","2.87","0.8646","0.84","1.1193","2.75","3.4","2.4","2.75","3.4","2.4","0.9075","0.952","0.936","2.75","3.3","2.5","2.6","3.4","2.9","0.858","0.952","1.131","2.95","3.4","2.35","2.95","3.4","2.35","0.9735001","0.952","0.9164999","2.65","3.25","2.4","2.5","3.35","2.9","0.825","0.938","1.131","1.08","0.0","0.8","0.8","0.0","1.13","0.9","2.75","0.96","0.95","2.5","0.95","01","22"
"1.27","6.4","14.5","1.33","5.9","12.5","0.9842001","1.062","1.125","1.22","5.4","10.0","1.26","5.2","8.6","0.9324","0.936","0.774","1.2","5.75","12.0","1.3","5.5","11.0","0.962","0.99","0.99","1.3","5.0","9.0","1.3","5.0","9.0","0.962","0.9","0.8100001","1.25","5.75","11.0","1.25","5.75","11.0","0.925","1.035","0.99","1.25","6.0","11.0","1.33","4.5","11.0","0.9842001","0.8100001","0.99","1.26","5.25","11.5","1.3","5.0","9.5","0.962","0.9","0.855","1.28","5.0","11.0","1.3","5.75","12.0","0.962","1.035","1.08","1.25","5.75","10.0","1.25","5.75","10.0","0.925","1.035","0.9","1.25","5.5","8.45","1.31","5.81","9.5","0.9694","1.0458","0.855","1.08","-1.75","0.8","1.05","-1.5","0.87","1.06","3.0","0.8","0.9","2.75","1.0","11.0","42.0"
"2.16","3.4","4.0","2.12","3.35","4.2","0.9539999","0.9714999","1.092","2.03","3.25","3.28","2.05","3.1","3.4","0.9225","0.8989999","0.884","1.95","3.1","3.6","2.05","3.3","3.8","0.9225","0.957","0.988","1.9","3.45","3.8","2.0","3.3","3.6","0.9","0.957","0.9359999","2.1","3.25","3.6","2.1","3.25","3.6","0.9449999","0.9425","0.9359999","2.15","3.2","3.6","2.15","3.1","3.6","0.9675","0.8989999","0.9359999","2.15","3.3","3.3","2.15","3.4","3.25","0.9675","0.986","0.845","1.72","3.5","5.0","2.2","3.4","3.6","0.99","0.986","0.9359999","2.1","3.3","3.5","2.05","3.2","3.8","0.9225","0.928","0.988","1.95","3.3","3.5","2.13","3.45","3.55","0.9585","1.0005","0.923","0.98","-0.5","0.9","0.87","-0.25","1.05","1.06","2.25","0.8","1.0","2.5","0.89","00","01"
"2.24","3.4","3.75","2.28","3.3","3.8","0.9804","0.957","1.026","2.08","3.25","3.15","2.08","3.25","3.15","0.8944","0.9425","0.8505","1.8","3.25","4.25","2.15","3.3","3.6","0.9245","0.957","0.972","2.0","3.3","3.6","2.0","3.3","3.6","0.86","0.957","0.972","2.1","3.25","3.6","2.1","3.25","3.6","0.903","0.9425","0.972","2.15","3.25","3.5","2.25","3.1","3.4","0.9675","0.8989999","0.918","2.2","3.2","3.3","2.25","3.2","3.2","0.9675","0.928","0.864","2.0","3.3","3.8","2.25","3.2","3.75","0.9675","0.928","1.0125","2.15","3.3","3.3","2.15","3.2","3.5","0.9245","0.928","0.9450001","2.1","3.3","3.1","2.23","3.25","3.5","0.9589","0.9425","0.9450001","0.8","-0.25","1.08","0.91","-0.25","1.01","1.03","2.25","0.83","0.96","2.25","0.94","00","00"
"3.75","3.6","2.16","3.6","3.45","2.3","1.008","0.966","1.012","3.1","3.35","2.07","3.0","3.35","2.12","0.84","0.938","0.9327999","3.9","3.3","1.83","3.5","3.4","2.2","0.98","0.952","0.968","3.2","3.2","2.2","3.2","3.2","2.2","0.896","0.896","0.968","3.5","3.3","2.1","3.5","3.3","2.1","0.98","0.924","0.924","3.3","3.4","2.15","3.3","3.2","2.25","0.924","0.896","0.99","3.3","3.3","2.15","3.3","3.3","2.15","0.924","0.924","0.946","3.5","3.3","2.1","3.6","3.4","2.2","1.008","0.952","0.968","3.25","3.4","2.15","3.4","3.4","2.1","0.952","0.952","0.924","2.85","3.3","2.15","3.4","3.4","2.19","0.952","0.952","0.9636","1.03","0.25","0.85","1.07","0.25","0.85","1.06","2.5","0.8","1.02","2.75","0.88","01","02"
"3.85","3.55","2.12","4.0","3.5","2.12","1.04","0.98","0.9539999","3.25","3.3","2.02","3.25","3.3","2.02","0.845","0.924","0.909","3.5","3.4","1.9","3.6","3.5","2.1","0.9359999","0.98","0.9449999","3.6","3.3","2.0","3.6","3.3","2.0","0.9359999","0.924","0.9","3.5","3.3","2.1","3.65","3.3","2.05","0.949","0.924","0.9225","3.5","3.5","2.05","3.6","3.2","2.1","0.9359999","0.896","0.9449999","3.6","3.25","2.05","3.4","3.2","2.15","0.884","0.896","0.9675","4.0","3.4","1.9","3.8","3.5","2.1","0.988","0.98","0.9449999","3.6","3.4","2.05","3.5","3.3","2.05","0.91","0.924","0.9225","3.35","3.3","2.0","3.65","3.4","2.11","0.949","0.952","0.9494999","0.85","0.5","1.03","0.81","0.5","1.12","0.91","2.5","0.95","0.89","2.5","1.01","11.0","22.0"
"1.89","3.65","4.8","1.8","3.85","5.3","0.9539999","1.001","1.06","1.82","3.35","3.9","1.7","3.5","4.35","0.901","0.91","0.87","2.1","3.25","3.3","1.75","3.6","5.0","0.9274999","0.9359999","1.0","1.9","3.45","3.8","1.9","3.45","3.8","1.007","0.897","0.76","1.85","3.5","4.25","1.73","3.65","4.75","0.9169","0.949","0.95","1.91","3.5","4.0","1.75","3.4","5.0","0.9274999","0.884","1.0","1.91","3.4","3.9","1.8","3.4","4.6","0.9539999","0.884","0.92","2.0","3.5","3.6","1.75","3.8","5.25","0.9274999","0.988","1.05","1.85","3.5","4.2","1.75","3.6","4.75","0.9274999","0.9359999","0.95","2.0","3.3","3.35","1.74","3.7","5.12","0.9222","0.962","1.024","1.03","-0.5","0.85","0.95","-0.75","0.96","0.98","2.25","0.88","0.8","2.25","1.11","20.0","40.0"
"1.27","6.4","14.5","1.32","6.2","12.0","0.99","1.054","1.08","1.18","6.0","11.0","1.28","5.5","7.05","0.96","0.935","0.6345","1.25","5.25","9.0","1.33","5.0","10.0","0.9975001","0.85","0.9","1.27","5.2","10.0","1.27","5.2","10.0","0.9525","0.884","0.9","1.23","6.0","12.0","1.23","6.0","12.0","0.9225","1.02","1.08","1.25","5.5","13.0","1.33","4.5","11.0","0.9975001","0.765","0.99","1.25","5.5","11.0","1.25","5.5","11.0","0.9375","0.935","0.99","1.25","5.5","12.0","1.3","6.0","11.0","0.975","1.02","0.99","1.25","5.75","10.0","1.25","5.75","10.0","0.9375","0.9775","0.9","1.25","5.5","8.45","1.32","5.75","8.9","0.99","0.9775","0.801","1.0","-1.75","0.88","0.98","-1.5","0.93","0.98","3.0","0.88","0.96","3.0","0.94","01","01"
"1.29","6.4","14.0","1.28","6.6","13.5","0.96","1.122","1.08","1.25","5.2","8.8","1.16","6.4","12.0","0.87","1.088","0.96","1.22","5.75","11.0","1.28","5.5","12.0","0.96","0.935","0.96","1.3","5.0","9.0","1.3","5.0","9.0","0.975","0.85","0.72","1.27","5.5","11.0","1.25","5.5","12.0","0.9375","0.935","0.96","1.28","5.5","10.0","1.28","5.5","11.0","0.96","0.935","0.88","1.29","5.0","10.5","1.29","5.0","10.5","0.9675","0.85","0.84","1.3","5.5","9.0","1.25","6.5","14.0","0.9375","1.105","1.12","1.28","5.5","9.5","1.25","5.5","11.0","0.9375","0.935","0.88","1.3","5.3","7.0","1.22","6.65","13.5","0.915","1.1305","1.08","0.85","-1.5","1.03","0.92","-1.75","1.0","1.01","3.0","0.85","0.9","3.0","1.0","30.0","40.0"
"2.18","3.45","3.8","2.22","3.4","3.85","0.9768","0.986","1.0395","2.08","3.2","3.2","2.05","3.2","3.27","0.902","0.928","0.8829001","2.1","3.1","3.1","2.15","3.3","3.75","0.946","0.957","1.0125","2.3","3.3","2.9","2.3","3.3","2.9","1.012","0.957","0.7830001","2.15","3.3","3.4","2.15","3.3","3.4","0.946","0.957","0.918","2.2","3.1","3.5","2.1","3.2","3.6","0.924","0.928","0.972","2.2","3.2","3.3","2.2","3.2","3.3","0.968","0.928","0.891","2.25","3.25","3.2","2.15","3.4","3.8","0.946","0.986","1.026","2.1","3.3","3.4","2.1","3.3","3.4","0.924","0.957","0.918","2.4","3.25","2.65","2.16","3.3","3.6","0.9504001","0.957","0.972","1.08","-0.25","0.8","0.85","-0.25","1.07","1.06","2.25","0.8","0.83","2.25","1.07","10.0","22.0"
"4.8","3.75","1.77","4.8","3.7","1.88","1.008","0.962","0.9963999","4.05","3.6","1.72","4.3","3.4","1.7","0.903","0.884","0.901","4.8","3.8","1.57","4.5","3.5","1.85","0.945","0.91","0.9805","4.0","3.45","1.85","4.0","3.45","1.85","0.84","0.897","0.9805","4.5","3.5","1.8","4.5","3.5","1.8","0.945","0.91","0.9539999","4.2","3.6","1.83","4.5","3.3","1.85","0.945","0.858","0.9805","4.75","3.5","1.73","4.75","3.5","1.73","0.9974999","0.91","0.9169","4.5","3.75","1.72","4.75","3.8","1.8","0.9974999","0.988","0.9539999","4.2","3.7","1.8","4.2","3.7","1.8","0.8819999","0.962","0.9539999","4.1","3.5","1.75","4.95","3.6","1.78","1.0395","0.9359999","0.9433999","0.9","0.75","0.98","0.91","0.75","1.01","1.06","2.75","0.8","0.9","2.5","1.0","03","03"
"2.52","3.35","2.92","2.56","3.3","3.15","0.9728","0.99","1.0395","2.45","3.15","2.63","2.3","3.15","2.83","0.874","0.9450001","0.9339","2.55","3.1","2.55","2.55","3.2","2.9","0.969","0.96","0.9570001","2.6","3.1","2.7","2.6","3.1","2.7","0.988","0.93","0.891","2.5","3.2","2.85","2.5","3.2","2.85","0.95","0.96","0.9405","2.5","3.2","2.9","2.5","3.1","3.0","0.95","0.93","0.99","2.65","3.2","2.65","2.65","3.2","2.65","1.007","0.96","0.8745001","2.8","3.25","2.5","2.62","3.25","3.0","0.9955999","0.975","0.99","2.55","3.15","2.8","2.55","3.15","2.8","0.969","0.9450001","0.924","2.75","3.2","2.35","2.51","3.2","3.0","0.9538","0.96","0.99","1.12","0.0","0.77","1.19","-0.25","0.76","0.9","2.25","0.96","1.06","2.25","0.84","00","00"
"2.64","3.35","2.74","2.94","3.3","2.76","1.029","0.99","0.966","2.5","3.1","2.62","2.55","3.2","2.5","0.8925","0.96","0.875","2.7","2.9","2.5","2.7","3.2","2.8","0.945","0.96","0.98","2.6","3.1","2.7","2.6","3.1","2.7","0.91","0.93","0.945","2.55","3.25","2.75","2.55","3.25","2.75","0.8925","0.975","0.9625","2.75","3.0","2.75","2.8","2.9","2.8","0.98","0.8700001","0.98","2.65","3.2","2.65","2.65","3.2","2.65","0.9275","0.96","0.9275","2.62","3.25","2.62","2.8","3.1","2.87","0.98","0.93","1.0045","2.7","3.2","2.65","2.7","3.2","2.65","0.945","0.96","0.9275","2.5","3.1","2.65","2.69","3.15","2.82","0.9415","0.9450001","0.987","0.9","0.0","0.98","0.93","0.0","0.98","1.09","2.25","0.77","1.12","2.25","0.79","11.0","22.0"
"1.96","3.55","3.9","2.24","3.45","3.75","1.008","1.0005","0.975","1.95","3.3","3.45","2.1","3.2","3.15","0.9449999","0.928","0.819","1.9","3.3","3.5","2.2","3.4","3.5","0.99","0.986","0.91","2.0","3.3","3.6","2.0","3.3","3.6","0.9","0.957","0.9359999","2.05","3.4","3.6","2.05","3.3","3.65","0.9225","0.957","0.949","2.1","3.25","3.6","2.2","3.1","3.5","0.99","0.8989999","0.91","1.85","3.4","4.2","2.1","3.2","3.5","0.9449999","0.928","0.91","1.9","3.4","4.0","2.15","3.4","3.7","0.9675","0.986","0.962","1.95","3.4","3.8","2.05","3.25","3.8","0.9225","0.9425","0.988","1.95","3.3","3.5","2.12","3.3","3.7","0.9539999","0.957","0.962","0.98","-0.5","0.9","0.83","-0.25","1.09","0.96","2.25","0.9","0.92","2.25","0.98","00","22"
"2.46","3.4","2.94","2.6","3.4","3.05","0.988","0.986","1.0065","2.4","3.25","2.62","2.5","3.25","2.5","0.95","0.9425","0.825","2.2","3.1","2.9","2.4","3.3","2.9","0.912","0.957","0.9570001","2.4","3.3","2.75","2.4","3.3","2.75","0.912","0.957","0.9075","2.45","3.3","2.85","2.45","3.3","2.85","0.931","0.957","0.9405","2.5","3.2","2.87","2.6","3.1","2.8","0.988","0.8989999","0.924","2.2","3.25","3.2","2.2","3.25","3.2","0.836","0.9425","1.056","2.25","3.25","3.2","2.7","3.3","2.87","1.026","0.957","0.9471","2.45","3.3","2.8","2.45","3.3","2.8","0.931","0.957","0.924","2.25","3.2","2.9","2.66","3.35","2.75","1.0108","0.9714999","0.9075","0.95","-0.25","0.93","0.93","0.0","0.98","1.06","2.5","0.8","1.02","2.5","0.88","00","01"
"1.39","4.5","8.0","1.51","4.7","8.0","1.0117","0.9869999","0.96","1.33","4.4","8.0","1.4","4.2","6.55","0.938","0.8819999","0.786","1.44","4.33","7.0","1.5","4.5","6.5","1.005","0.945","0.78","1.45","4.0","7.0","1.45","4.0","7.0","0.9715","0.84","0.84","1.42","4.5","7.5","1.42","4.5","7.5","0.9514","0.945","0.9","1.44","4.4","7.0","1.5","4.0","7.0","1.005","0.84","0.84","1.4","4.33","8.0","1.4","4.33","8.0","0.938","0.9093","0.96","1.33","5.0","9.0","1.5","4.6","7.0","1.005","0.966","0.84","1.4","4.6","7.5","1.4","4.6","7.5","0.938","0.966","0.9","1.35","4.5","7.2","1.5","4.45","6.55","1.005","0.9344999","0.786","0.83","-1.25","1.05","0.91","-1.0","1.01","0.83","2.5","1.03","1.03","2.75","0.87","11.0","23.0"
"4.7","3.75","1.62","6.0","4.2","1.65","1.08","1.008","0.957","5.3","3.8","1.53","4.9","3.9","1.55","0.882","0.936","0.8989999","6.0","4.0","1.45","5.0","4.0","1.66","0.9","0.96","0.9628","5.6","3.9","1.55","5.6","3.9","1.55","1.008","0.936","0.8989999","5.75","4.0","1.55","5.75","4.0","1.55","1.035","0.96","0.8989999","4.5","3.75","1.75","5.0","3.6","1.7","0.9","0.864","0.986","4.6","3.8","1.7","4.6","3.8","1.7","0.828","0.9119999","0.986","5.0","3.75","1.66","5.75","4.0","1.66","1.035","0.96","0.9628","4.5","3.7","1.75","4.5","3.7","1.73","0.8100001","0.888","1.0034","4.35","3.5","1.7","5.3","3.9","1.68","0.9540001","0.936","0.9743999","0.93","0.75","0.95","1.03","0.75","0.89","0.98","2.75","0.88","0.93","2.75","0.97","12.0","53.0"
"2.38","3.65","3.1","2.52","3.45","3.1","0.9827999","0.966","1.023","2.33","3.28","2.7","2.3","3.2","2.75","0.897","0.896","0.9075","2.3","3.4","3.0","2.5","3.3","3.0","0.975","0.924","0.99","2.4","3.3","2.75","2.4","3.3","2.75","0.936","0.924","0.9075","2.4","3.4","2.85","2.4","3.4","2.85","0.936","0.952","0.9405","2.5","3.4","2.75","2.5","3.0","3.2","0.975","0.84","1.056","2.4","3.4","2.8","2.4","3.4","2.8","0.936","0.952","0.924","2.37","3.4","2.87","2.5","3.4","3.0","0.975","0.952","0.99","2.4","3.4","2.8","2.4","3.4","2.8","0.936","0.952","0.924","2.4","3.2","2.7","2.49","3.3","2.99","0.9711","0.924","0.9867001","1.08","-0.25","0.8","1.14","-0.25","0.79","1.06","2.5","0.8","0.86","2.5","1.04","00","11"
"1.51","4.4","7.2","1.53","4.6","7.4","0.9639","1.058","1.036","1.42","4.2","6.1","1.35","4.6","6.75","0.8505","1.058","0.945","1.5","4.2","6.0","1.5","4.33","6.5","0.945","0.9959","0.91","1.5","4.0","6.1","1.5","4.0","6.1","0.945","0.92","0.854","1.47","4.25","6.5","1.47","4.25","6.5","0.9261","0.9775","0.91","1.5","4.2","6.5","1.5","4.0","7.0","0.945","0.92","0.98","1.45","4.2","7.0","1.45","4.25","6.75","0.9135","0.9775","0.945","1.4","4.5","7.5","1.5","4.5","7.5","0.945","1.035","1.05","1.5","4.2","6.0","1.5","4.2","6.0","0.945","0.966","0.84","1.4","4.2","6.7","1.49","4.6","6.5","0.9387","1.058","0.91","0.9","-1.25","0.98","0.83","-1.0","1.09","0.85","2.5","1.01","0.81","2.75","1.09","00","01"
"5.3","3.8","1.76","4.8","3.95","1.83","1.008","0.9875","0.9882001","4.45","3.65","1.65","4.25","3.8","1.65","0.8925","0.95","0.891","4.6","3.75","1.61","4.6","3.8","1.75","0.966","0.95","0.9450001","4.5","3.7","1.7","4.5","3.7","1.7","0.945","0.925","0.918","5.0","3.65","1.7","5.0","3.65","1.7","1.05","0.9125","0.918","4.5","3.75","1.75","5.0","3.5","1.75","1.05","0.875","0.9450001","4.6","3.8","1.7","4.6","3.8","1.7","0.966","0.95","0.918","4.33","3.6","1.8","5.25","4.0","1.7","1.1025","1.0","0.918","4.6","3.8","1.73","4.6","3.8","1.73","0.966","0.95","0.9342","4.35","3.5","1.7","4.7","3.9","1.75","0.9869999","0.975","0.9450001","0.93","0.75","0.95","0.95","0.75","0.96","0.8","2.5","1.06","0.9","2.75","1.0","21.0","31.0"
"1.27","6.6","10.5","1.24","7.0","17.5","0.9672","1.05","1.225","1.18","6.0","11.0","1.18","6.0","11.0","0.9203999","0.9","0.77","1.2","6.5","15.0","1.22","6.5","15.0","0.9516","0.975","1.05","1.25","5.5","10.3","1.25","5.5","10.3","0.975","0.825","0.721","1.22","6.0","13.0","1.22","6.0","13.0","0.9516","0.9","0.91","1.22","6.0","13.0","1.25","5.5","12.0","0.975","0.825","0.84","1.25","5.5","10.0","1.22","6.75","10.0","0.9516","1.0125","0.7","1.22","6.0","13.0","1.22","7.0","15.0","0.9516","1.05","1.05","1.22","6.5","10.5","1.22","6.5","10.5","0.9516","0.975","0.735","1.2","6.0","10.0","1.21","6.7","15.0","0.9438","1.005","1.05","0.85","-1.75","1.03","0.82","-1.75","1.11","0.8","2.75","1.06","0.8","2.75","1.11","10.0","30.0"
"5.6","3.9","1.56","7.0","4.4","1.57","1.12","1.056","0.9577001","5.5","3.7","1.53","7.0","4.2","1.38","1.12","1.008","0.8418","6.0","4.0","1.57","7.0","4.2","1.53","1.12","1.008","0.9333","5.5","3.8","1.57","5.5","3.8","1.57","0.88","0.9119999","0.9577001","6.0","4.0","1.55","6.0","4.0","1.55","0.96","0.96","0.9455","5.5","4.0","1.6","6.5","3.6","1.57","1.04","0.864","0.9577001","5.5","3.6","1.6","5.5","4.0","1.57","0.88","0.96","0.9577001","5.5","4.0","1.57","7.0","4.33","1.53","1.12","1.0392","0.9333","5.75","4.0","1.57","5.75","4.0","1.57","0.92","0.96","0.9577001","5.8","3.8","1.5","6.3","4.5","1.51","1.008","1.08","0.9211","0.98","1.0","0.9","1.12","1.0","0.81","0.88","2.5","0.98","0.8","2.75","1.11","22.0","24.0"
"1.92","3.7","4.4","1.99","3.8","4.1","1.0149","0.988","0.943","1.75","3.53","4.0","1.8","3.3","4.0","0.918","0.858","0.92","1.8","3.75","4.2","1.9","3.7","4.0","0.969","0.962","0.92","1.8","3.5","4.2","1.8","3.5","4.2","0.918","0.91","0.966","1.85","3.65","4.0","1.85","3.65","4.0","0.9435","0.949","0.92","1.83","3.8","4.0","1.91","3.6","4.2","0.9741","0.9359999","0.966","1.85","3.4","4.2","1.85","3.4","4.2","0.9435","0.884","0.966","1.85","3.6","4.0","1.85","3.75","4.5","0.9435","0.975","1.035","1.85","3.7","4.0","1.83","3.7","4.0","0.9333","0.962","0.92","1.8","3.5","3.85","1.9","3.6","4.3","0.969","0.9359999","0.9890001","0.83","-0.5","1.05","0.89","-0.5","1.03","0.85","2.75","1.01","1.12","3.0","0.79","00","11.0"
"1.25","6.6","14.5","1.4","5.7","8.4","0.994","1.026","0.924","1.27","5.0","8.5","1.3","5.0","7.35","0.9229999","0.9","0.8085","1.28","5.5","9.5","1.36","5.2","8.0","0.9656","0.936","0.88","1.35","4.8","7.6","1.35","4.8","7.6","0.9585","0.8640001","0.836","1.28","5.5","10.0","1.28","5.5","10.0","0.9087999","0.99","1.1","1.33","5.0","9.0","1.36","5.0","8.0","0.9656","0.9","0.88","1.25","6.0","9.75","1.25","6.0","9.75","0.8875","1.08","1.0725","1.25","6.0","10.0","1.33","6.0","9.0","0.9443","1.08","0.99","1.25","6.0","9.5","1.25","6.0","9.5","0.8875","1.08","1.045","1.25","5.5","8.4","1.3","6.1","9.0","0.9229999","1.098","0.99","0.85","-1.5","1.03","0.87","-1.5","1.05","0.77","2.75","1.09","0.97","3.25","0.93","21.0","21.0"
"2.5","3.35","2.88","2.76","3.45","2.84","1.0212","1.0005","0.9656","2.45","3.2","2.6","2.45","3.2","2.6","0.9065","0.928","0.884","2.4","3.25","2.9","2.6","3.4","2.8","0.962","0.986","0.952","2.5","3.2","2.75","2.5","3.2","2.75","0.925","0.928","0.935","2.65","3.25","2.65","2.65","3.25","2.65","0.9805","0.9425","0.901","2.62","3.25","2.7","2.7","3.0","2.8","0.999","0.87","0.952","2.45","3.2","2.8","2.45","3.3","2.75","0.9065","0.957","0.935","2.6","3.25","2.7","2.7","3.4","2.8","0.999","0.986","0.952","2.5","3.3","2.8","2.5","3.3","2.8","0.925","0.957","0.952","2.45","3.2","2.65","2.61","3.4","2.75","0.9657","0.986","0.935","0.83","0.0","1.05","0.93","0.0","0.99","0.93","2.25","0.93","0.88","2.5","1.02","00","20"
"2.66","3.4","2.64","2.96","3.35","2.72","1.036","0.9714999","0.9792001","2.5","3.2","2.55","2.66","3.1","2.45","0.931","0.8989999","0.882","2.5","3.3","2.75","2.7","3.2","2.7","0.945","0.928","0.9720001","2.6","3.1","2.7","2.6","3.1","2.7","0.91","0.8989999","0.9720001","2.6","3.25","2.7","2.6","3.25","2.7","0.91","0.9425","0.9720001","2.62","3.25","2.7","2.7","3.0","2.75","0.945","0.87","0.99","2.55","3.2","2.65","2.7","3.0","2.7","0.945","0.87","0.9720001","2.62","3.3","2.62","2.9","3.3","2.62","1.015","0.957","0.9432","2.65","3.3","2.6","2.62","3.25","2.7","0.9169999","0.9425","0.9720001","2.5","3.2","2.6","2.8","3.3","2.61","0.98","0.957","0.9396","0.9","0.0","0.98","1.06","0.0","0.86","1.06","2.5","0.8","0.85","2.25","1.05","00","00"
"1.5","4.5","4.5","1.52","4.5","8.0","0.988","0.99","1.04","1.4","4.05","7.0","1.45","4.05","6.0","0.9425","0.891","0.78","1.53","4.0","6.5","1.57","4.0","6.5","1.0205","0.88","0.845","1.55","3.9","5.6","1.55","3.9","5.6","1.0075","0.858","0.728","1.45","4.5","6.5","1.45","4.5","6.5","0.9425","0.99","0.845","1.5","4.0","7.0","1.6","3.4","7.5","1.04","0.748","0.975","1.5","3.8","6.5","1.44","4.25","7.0","0.936","0.935","0.91","1.44","4.2","7.5","1.55","4.33","6.5","1.0075","0.9526","0.845","1.5","4.0","6.0","1.43","4.3","7.5","0.9294999","0.946","0.975","1.48","4.0","5.7","1.58","4.1","6.0","1.027","0.902","0.78","0.85","-1.0","1.03","1.04","-1.0","0.88","0.93","2.5","0.93","0.89","2.5","1.01","00","21.0"
"1.83","3.55","4.2","1.82","3.9","5.0","0.9646","1.014","1.05","1.75","3.45","4.1","1.7","3.5","4.32","0.901","0.91","0.9072","1.83","3.6","4.2","1.8","3.8","4.75","0.9539999","0.988","0.9974999","1.8","3.5","4.2","1.8","3.5","4.2","0.9539999","0.91","0.8819999","1.8","3.65","4.25","1.8","3.65","4.25","0.9539999","0.949","0.8925","1.8","3.75","4.2","1.83","3.5","5.0","0.9699","0.91","1.05","1.85","3.5","4.1","1.85","3.5","4.1","0.9805","0.91","0.8609999","1.9","3.5","4.0","1.8","3.9","4.75","0.9539999","1.014","0.9974999","1.85","3.6","4.0","1.85","3.6","4.0","0.9805","0.9359999","0.84","1.87","3.4","3.65","1.8","3.75","4.5","0.9539999","0.975","0.945","0.9","-0.5","0.98","1.05","-0.75","0.87","0.85","2.5","1.01","0.88","2.75","1.02","00","11"
"1.91","3.65","3.7","1.98","3.55","4.6","0.9504","0.994","1.104","1.9","3.3","3.62","1.85","3.3","3.82","0.888","0.924","0.9168","2.0","3.4","3.75","1.9","3.4","4.33","0.9119999","0.952","1.0392","1.9","3.45","3.8","1.9","3.45","3.8","0.9119999","0.966","0.9119999","2.0","3.4","3.75","2.0","3.4","3.75","0.96","0.952","0.9","2.0","3.25","4.0","1.95","3.1","4.5","0.936","0.868","1.08","1.95","3.4","3.75","1.95","3.4","3.75","0.936","0.952","0.9","2.0","3.4","3.75","1.9","3.4","4.75","0.9119999","0.952","1.14","2.0","3.4","3.75","1.95","3.4","3.8","0.936","0.952","0.9119999","1.95","3.3","3.5","1.9","3.35","4.6","0.9119999","0.938","1.104","0.98","-0.5","0.9","0.92","-0.5","1.0","0.93","2.25","0.93","0.94","2.25","0.96","20.0","40.0"
"2.16","3.45","3.9","2.16","3.45","4.0","0.972","1.0005","1.08","2.1","3.2","3.15","2.0","3.2","3.4","0.9","0.928","0.918","2.15","3.25","3.4","2.1","3.3","3.75","0.9449999","0.957","1.0125","2.1","3.2","3.4","2.1","3.2","3.4","0.9449999","0.928","0.918","2.05","3.25","3.7","2.05","3.25","3.7","0.9225","0.9425","0.9990001","2.2","3.2","3.4","2.25","3.1","3.4","1.0125","0.8989999","0.918","2.1","3.2","3.5","2.1","3.2","3.5","0.9449999","0.928","0.9450001","2.3","3.2","3.2","2.15","3.4","3.75","0.9675","0.986","1.0125","2.05","3.3","3.6","2.05","3.3","3.6","0.9225","0.957","0.972","2.25","3.2","2.9","2.16","3.3","3.6","0.972","0.957","0.972","0.95","-0.25","0.93","0.85","-0.25","1.07","0.96","2.25","0.9","0.87","2.25","1.03","10.0","10.0"
"2.04","3.35","3.55","2.18","3.5","3.8","1.0028","0.98","0.95","1.9","3.32","3.6","2.1","3.2","3.15","0.966","0.896","0.7875","2.0","3.4","3.75","2.2","3.3","3.6","1.012","0.924","0.9","2.2","3.3","3.1","2.2","3.3","3.1","1.012","0.924","0.775","1.95","3.4","3.85","1.95","3.4","3.85","0.897","0.952","0.9625","2.0","3.4","3.8","2.25","3.0","3.5","1.035","0.84","0.875","1.95","3.3","3.75","1.95","3.3","3.75","0.897","0.924","0.9375","2.0","3.3","3.8","2.15","3.4","3.8","0.9890001","0.952","0.95","2.0","3.4","3.7","2.0","3.4","3.7","0.92","0.952","0.925","2.05","3.3","3.25","2.14","3.3","3.65","0.9844001","0.924","0.9125","1.08","-0.5","0.8","0.84","-0.25","1.08","0.98","2.25","0.88","0.98","2.5","0.9","00","20.0"
"1.82","3.55","4.5","1.76","3.8","5.8","0.9504001","0.988","1.16","1.73","3.5","4.15","1.65","3.5","4.7","0.891","0.91","0.94","1.8","3.5","4.5","1.72","3.75","5.25","0.9288","0.975","1.05","1.75","3.5","4.5","1.75","3.5","4.5","0.9450001","0.91","0.9","1.75","3.5","4.75","1.75","3.5","4.75","0.9450001","0.91","0.95","1.75","3.6","4.75","1.73","3.3","5.5","0.9342","0.858","1.1","1.85","3.3","4.35","1.85","3.3","4.35","0.9990001","0.858","0.87","1.83","3.4","4.5","1.7","3.8","5.75","0.918","0.988","1.15","1.8","3.6","4.33","1.75","3.6","4.5","0.9450001","0.9359999","0.9","1.8","3.45","3.95","1.72","3.8","5.0","0.9288","0.988","1.0","0.83","-0.5","1.05","0.94","-0.74","0.97","0.93","2.25","0.93","0.87","2.5","1.03","21.0","22.0"
"1.25","4.8","7.4","1.5","4.8","7.8","1.035","0.912","0.936","1.3","4.75","8.0","1.38","4.3","6.8","0.9522","0.817","0.816","1.33","5.5","8.0","1.5","4.5","6.5","1.035","0.855","0.78","1.4","4.4","7.3","1.4","4.4","7.3","0.966","0.836","0.876","1.3","5.5","9.0","1.3","5.5","9.0","0.897","1.045","1.08","1.33","5.0","9.0","1.5","4.0","7.0","1.035","0.76","0.84","1.28","5.0","10.0","1.28","5.0","10.0","0.8832","0.95","1.2","1.25","6.0","10.0","1.5","4.5","7.5","1.035","0.855","0.9","1.3","5.75","8.5","1.3","5.75","8.5","0.897","1.0925","1.02","1.25","5.5","8.45","1.43","4.65","7.8","0.9866999","0.8835","0.936","1.0","-1.75","0.88","0.98","-1.25","0.93","0.88","3.0","0.98","0.9","2.75","1.0","10.0","21.0"
"1.84","3.45","4.1","1.93","3.7","4.5","0.9843","0.9990001","0.99","1.75","3.5","4.05","1.9","3.4","3.5","0.969","0.918","0.77","1.83","3.5","4.33","1.95","3.5","4.2","0.9945","0.9450001","0.924","1.75","3.5","4.5","1.75","3.5","4.5","0.8925","0.9450001","0.99","1.8","3.5","4.5","1.8","3.5","4.5","0.918","0.9450001","0.99","1.8","3.6","4.4","2.0","3.2","4.0","1.02","0.864","0.88","1.8","3.3","4.5","1.8","3.3","4.5","0.918","0.891","0.99","1.9","3.4","4.0","2.0","3.5","4.2","1.02","0.9450001","0.924","1.8","3.5","4.33","1.8","3.5","4.33","0.918","0.9450001","0.9526","1.91","3.35","3.6","2.02","3.5","3.85","1.0302","0.9450001","0.847","0.94","-0.5","0.94","1.04","-0.5","0.88","1.03","2.5","0.83","1.0","2.5","0.9","11.0","22.0"
"2.44","3.35","2.9","2.74","3.25","3.05","1.0412","0.975","1.0065","2.35","3.1","2.8","2.45","3.05","2.7","0.931","0.915","0.891","2.4","3.2","3.0","2.5","3.2","3.0","0.95","0.96","0.99","2.4","3.15","2.9","2.4","3.15","2.9","0.912","0.9450001","0.9570001","2.4","3.2","3.0","2.4","3.2","3.0","0.912","0.96","0.99","2.6","3.0","2.9","2.7","3.0","2.8","1.026","0.9","0.924","2.4","3.2","2.85","2.4","3.2","2.85","0.912","0.96","0.9405","2.5","3.3","2.75","2.7","3.25","2.87","1.026","0.975","0.9471","2.5","3.3","2.75","2.5","3.2","2.88","0.95","0.96","0.9504001","2.45","3.25","2.6","2.66","3.15","2.85","1.0108","0.9450001","0.9405","0.8","0.0","1.08","0.88","0.0","1.04","1.03","2.25","0.83","1.05","2.25","0.85","21.0","31.0"
"6.2","4.4","1.6","7.8","4.6","1.51","1.092","1.058","0.9513","6.0","3.8","1.48","7.0","4.5","1.35","0.98","1.035","0.8505","6.0","4.0","1.55","8.0","4.33","1.44","1.12","0.9959","0.9072","5.6","3.9","1.55","5.6","3.9","1.55","0.784","0.897","0.9765","6.5","3.85","1.55","6.5","3.85","1.55","0.91","0.8855","0.9765","6.5","4.2","1.5","7.5","4.2","1.44","1.05","0.966","0.9072","5.5","3.75","1.6","5.5","3.75","1.6","0.77","0.8625","1.008","6.0","3.75","1.57","9.0","5.0","1.4","1.26","1.15","0.882","5.75","3.8","1.57","5.75","3.8","1.57","0.805","0.874","0.9891","5.2","3.8","1.55","8.3","4.9","1.39","1.162","1.127","0.8757","0.88","1.0","1.0","1.04","1.25","0.88","0.95","2.75","0.91","0.9","2.75","1.0","00","02"
"1.71","4.2","5.0","1.68","4.2","5.8","0.9575999","1.05","1.044","1.58","3.65","5.05","1.58","3.65","5.05","0.9006","0.9125","0.9090001","1.72","3.6","4.8","1.7","3.75","5.5","0.969","0.9375","0.99","1.65","3.6","5.1","1.65","3.6","5.1","0.9405","0.9","0.918","1.67","3.65","5.25","1.67","3.65","5.25","0.9518999","0.9125","0.9450001","1.65","3.8","5.0","1.7","3.4","5.5","0.969","0.85","0.99","1.75","3.5","4.5","1.67","3.7","5.0","0.9518999","0.925","0.9","1.72","3.5","5.0","1.72","3.9","5.25","0.9804","0.975","0.9450001","1.75","3.6","4.5","1.61","3.75","5.5","0.9177","0.9375","0.99","1.75","3.5","4.1","1.68","3.9","5.2","0.9575999","0.975","0.936","0.98","-0.75","0.9","0.88","-0.75","1.04","1.03","2.75","0.83","0.96","2.75","0.94","10.0","20.0"
"1.75","3.65","4.8","1.66","4.1","6.0","0.9296","1.025","1.14","1.68","3.6","4.3","1.45","4.3","5.45","0.812","1.075","1.0355","1.66","3.6","5.0","1.57","4.33","6.0","0.8792","1.0825","1.14","1.7","3.6","4.7","1.7","3.6","4.7","0.952","0.9","0.8929999","1.8","3.5","4.5","1.7","3.75","4.75","0.952","0.9375","0.9025","1.83","3.8","4.0","1.61","3.6","6.0","0.9016","0.9","1.14","1.72","3.6","4.5","1.7","3.7","4.75","0.952","0.925","0.9025","1.72","3.5","5.0","1.57","4.5","6.0","0.8792","1.125","1.14","1.75","3.6","4.5","1.7","3.8","4.75","0.952","0.95","0.9025","1.74","3.5","4.15","1.57","4.3","5.8","0.8792","1.075","1.102","0.77","-0.5","1.12","0.94","-1.0","0.97","0.75","2.75","1.12","0.87","2.75","1.03","10.0","21.0"
"2.12","3.4","3.45","2.3","3.5","3.5","1.012","0.98","0.98","2.05","3.28","3.2","2.15","3.25","3.0","0.946","0.91","0.84","2.0","3.4","3.4","2.37","3.4","3.0","1.0428","0.952","0.84","2.1","3.3","3.3","2.1","3.3","3.3","0.924","0.924","0.924","2.1","3.4","3.4","2.1","3.4","3.4","0.924","0.952","0.952","2.15","3.4","3.3","2.4","3.2","3.0","1.056","0.896","0.84","1.87","3.4","4.0","2.15","3.4","3.25","0.946","0.952","0.91","2.0","3.5","3.6","2.45","3.4","3.1","1.078","0.952","0.868","2.15","3.4","3.25","2.15","3.4","3.25","0.946","0.952","0.91","2.02","3.3","3.3","2.48","3.35","2.95","1.0912","0.938","0.826","1.05","-0.5","0.83","1.13","-0.25","0.8","0.88","2.5","0.98","1.06","2.5","0.84","10.0","10.0"
"1.93","3.5","4.0","1.95","3.65","4.5","0.975","0.9855","1.035","1.85","3.35","3.75","1.85","3.35","3.75","0.925","0.9045","0.8625","1.9","3.4","4.2","1.85","3.6","4.5","0.925","0.972","1.035","1.9","3.45","3.8","1.9","3.45","3.8","0.95","0.9315001","0.874","1.9","3.5","4.0","1.9","3.5","4.0","0.95","0.9450001","0.92","1.95","3.4","4.0","1.85","3.4","4.33","0.925","0.918","0.9959","1.95","3.3","3.75","1.95","3.3","3.75","0.975","0.891","0.8625","1.9","3.4","4.0","1.85","3.75","4.5","0.925","1.0125","1.035","1.91","3.5","3.8","1.91","3.5","3.8","0.955","0.9450001","0.874","1.88","3.12","4.02","1.86","3.55","4.5","0.93","0.9585","1.035","0.88","-0.5","1.0","0.86","-0.85","1.06","1.06","2.5","0.8","0.87","2.5","1.03","10.0","20.0"
"1.39","5.4","10.0","1.47","4.8","8.2","0.9996001","0.96","0.984","1.3","4.75","8.0","1.4","4.0","7.0","0.952","0.8","0.84","1.36","4.75","8.5","1.44","4.75","8.0","0.9792001","0.95","0.96","1.3","5.0","9.0","1.35","4.8","7.6","0.918","0.96","0.9119999","1.33","5.0","9.0","1.35","4.75","8.5","0.918","0.95","1.02","1.35","4.8","9.0","1.44","4.2","7.5","0.9792001","0.84","0.9","1.36","4.75","8.0","1.4","4.5","7.5","0.952","0.9","0.9","1.3","5.5","9.0","1.4","5.1","8.5","0.952","1.02","1.02","1.3","5.25","8.5","1.36","4.75","8.0","0.9248","0.95","0.96","1.3","5.0","7.6","1.42","4.95","7.2","0.9656","0.9899999","0.864","0.83","-1.5","1.05","0.96","-1.25","0.95","0.8","2.75","1.06","1.05","3.0","0.85","11.0","22.0"
"1.57","4.3","7.0","1.62","4.2","6.6","0.9720001","1.008","1.056","1.48","3.8","6.0","1.48","3.8","6.0","0.8880001","0.9119999","0.96","1.57","4.0","5.5","1.6","4.0","6.0","0.96","0.96","0.96","1.65","3.6","5.1","1.65","3.6","5.1","0.99","0.864","0.816","1.53","4.0","6.25","1.55","3.85","6.25","0.93","0.924","1.0","1.55","4.0","6.0","1.57","3.75","6.5","0.9420001","0.9","1.04","1.57","4.0","5.5","1.62","3.7","5.5","0.9720001","0.888","0.88","1.53","4.0","6.0","1.57","4.33","6.5","0.9420001","1.0392","1.04","1.55","4.0","5.75","1.55","4.0","6.0","0.93","0.96","0.96","1.5","4.0","5.4","1.5","4.35","6.5","0.9","1.044","1.04","0.85","-1.0","1.03","0.85","-1.0","1.07","0.98","2.75","0.88","0.8","2.5","1.11","10.0","30.0"
"2.88","3.45","2.68","2.9","3.45","2.7","1.015","1.0005","0.9720001","2.52","3.2","2.52","2.54","3.2","2.5","0.889","0.928","0.9","2.7","3.2","2.7","2.8","3.25","2.62","0.98","0.9425","0.9432","2.6","3.2","2.6","2.6","3.2","2.6","0.91","0.928","0.936","2.65","3.25","2.65","2.65","3.25","2.65","0.9275","0.9425","0.9540001","2.7","3.1","2.7","2.75","3.1","2.7","0.9625","0.8989999","0.9720001","2.7","3.0","2.7","2.7","3.0","2.7","0.945","0.87","0.9720001","2.6","3.4","2.6","2.75","3.3","2.8","0.9625","0.957","1.008","2.62","3.3","2.62","2.7","3.2","2.65","0.945","0.928","0.9540001","2.5","3.25","2.55","2.7","3.25","2.75","0.945","0.9425","0.99","0.9","0.0","0.98","0.92","0.0","1.0","0.96","2.25","0.9","1.06","2.5","0.84","00","13"
"1.48","4.8","8.0","1.5","4.9","7.4","0.975","1.029","1.036","1.4","4.3","6.3","1.4","4.3","6.3","0.91","0.903","0.882","1.5","4.2","6.5","1.5","4.5","6.5","0.975","0.945","0.91","1.45","4.0","7.0","1.45","4.0","7.0","0.9425","0.84","0.98","1.45","4.25","7.5","1.45","4.25","7.5","0.9425","0.8925","1.05","1.5","4.4","6.0","1.5","4.0","7.0","0.975","0.84","0.98","1.45","4.33","6.5","1.45","4.33","6.5","0.9425","0.9093","0.91","1.5","4.33","6.0","1.44","5.0","7.5","0.936","1.05","1.05","1.45","4.33","6.5","1.45","4.33","6.5","0.9425","0.9093","0.91","1.5","4.0","5.4","1.45","4.85","6.75","0.9425","1.0185","0.945","0.85","-1.0","1.03","1.02","-1.25","0.9","0.8","2.75","1.06","0.8","3.0","1.11","21.0","41.0"
"2.22","3.6","3.6","2.2","3.65","3.55","0.968","1.022","0.994","2.1","3.32","3.05","2.05","3.32","3.16","0.902","0.9296","0.8848","2.15","3.4","3.4","2.15","3.4","3.5","0.946","0.952","0.98","2.1","3.3","3.3","2.1","3.3","3.3","0.924","0.924","0.924","2.15","3.4","3.3","2.1","3.4","3.4","0.924","0.952","0.952","2.15","3.4","3.3","2.15","3.2","3.5","0.946","0.896","0.98","2.2","3.25","3.2","2.2","3.3","3.25","0.968","0.924","0.91","2.25","3.4","3.1","2.1","3.6","3.75","0.924","1.008","1.05","2.15","3.5","3.25","2.15","3.4","3.3","0.946","0.952","0.924","2.15","3.3","3.0","2.11","3.5","3.55","0.9283999","0.98","0.994","0.85","-0.25","1.03","0.84","-0.25","1.08","0.95","2.5","0.91","0.99","2.75","0.91","00","10"
"10.0","5.1","1.41","8.8","4.8","1.46","1.056","1.008","0.9928001","8.0","4.5","1.32","6.38","4.1","1.42","0.7656","0.8609999","0.9656","8.5","4.5","1.4","7.5","4.5","1.44","0.9","0.945","0.9792001","7.5","4.6","1.37","7.5","4.6","1.37","0.9","0.966","0.9316","8.5","4.5","1.38","8.5","4.5","1.38","1.02","0.945","0.9384","8.0","4.5","1.4","7.0","4.0","1.5","0.84","0.84","1.02","8.0","4.75","1.36","8.0","4.4","1.4","0.96","0.924","0.952","7.5","5.0","1.36","8.0","4.75","1.45","0.96","0.9974999","0.9860001","7.5","4.8","1.36","7.5","4.8","1.36","0.9","1.008","0.9248","7.0","4.6","1.35","7.75","4.5","1.45","0.93","0.945","0.9860001","0.77","1.5","1.12","0.86","1.25","1.06","0.8","2.5","1.06","0.95","2.5","0.95","01","12"
"1.58","4.3","7.0","1.56","4.3","7.8","0.9516","1.032","1.17","1.5","3.8","5.7","1.4","3.75","7.8","0.854","0.9","1.17","1.61","3.75","5.5","1.53","4.0","7.0","0.9333","0.96","1.05","1.65","3.6","5.1","1.65","3.6","5.1","1.0065","0.864","0.765","1.55","4.0","6.0","1.57","3.85","6.0","0.9577001","0.924","0.9","1.6","4.0","5.5","1.53","3.75","7.0","0.9333","0.9","1.05","1.57","3.75","6.0","1.62","3.75","5.25","0.9882","0.9","0.7875","1.57","3.8","6.0","1.5","4.5","7.5","0.915","1.08","1.125","1.55","3.9","6.0","1.55","3.8","6.5","0.9455","0.9119999","0.975","1.6","3.7","4.85","1.49","4.3","7.4","0.9089","1.032","1.11","0.77","-0.75","1.12","0.8","-1.0","1.13","0.98","2.5","0.88","0.94","2.5","0.96","30.0","80.0"
"6.4","4.3","1.61","6.2","4.3","1.64","1.054","1.032","0.9675999","5.1","3.8","1.55","6.45","4.1","1.42","1.0965","0.984","0.8378","5.5","4.0","1.61","6.5","4.0","1.57","1.105","0.96","0.9263","4.7","3.6","1.7","4.7","3.6","1.7","0.799","0.864","1.003","5.75","4.0","1.57","5.75","4.0","1.57","0.9775","0.96","0.9263","5.0","4.2","1.6","7.0","3.75","1.53","1.19","0.9","0.9026999","5.5","3.75","1.6","5.5","3.75","1.6","0.935","0.9","0.9439999","5.5","4.0","1.57","7.0","4.33","1.53","1.19","1.0392","0.9026999","5.5","4.0","1.57","5.5","4.0","1.57","0.935","0.96","0.9263","4.85","3.7","1.6","6.4","4.15","1.55","1.088","0.996","0.9144999","0.83","1.0","1.05","1.02","1.0","0.9","0.85","2.75","1.01","0.93","2.75","0.97","00","23"
"2.56","3.4","3.1","2.42","3.35","3.4","0.9438","0.9714999","1.088","2.35","3.23","2.7","2.25","3.15","2.9","0.8774999","0.9135","0.928","2.3","3.3","3.1","2.37","3.2","3.25","0.9242999","0.928","1.04","2.4","3.2","2.85","2.4","3.2","2.85","0.936","0.928","0.9119999","2.35","3.25","3.0","2.35","3.25","3.0","0.9164999","0.9425","0.96","2.5","3.2","2.87","2.3","3.2","3.2","0.897","0.928","1.024","2.5","3.1","2.9","2.5","3.1","2.9","0.975","0.8989999","0.928","2.62","3.3","2.62","2.4","3.3","3.25","0.936","0.957","1.04","2.4","3.25","2.88","2.4","3.25","2.88","0.936","0.9425","0.9216","2.5","3.25","2.55","2.36","3.2","3.3","0.9203999","0.928","1.056","0.88","0.0","1.0","1.01","-0.25","0.91","0.98","2.25","0.88","1.05","2.25","0.85","11.0","21.0"
"4.9","3.95","1.8","5.2","4.1","1.75","1.04","1.025","0.9625","4.4","3.68","1.65","4.4","3.68","1.65","0.8800001","0.92","0.9075","4.5","4.0","1.7","4.8","3.8","1.75","0.96","0.95","0.9625","4.7","3.6","1.7","4.7","3.6","1.7","0.94","0.9","0.9350001","4.5","4.0","1.7","4.5","4.0","1.7","0.9","1.0","0.9350001","4.4","3.8","1.75","4.8","3.4","1.8","0.96","0.85","0.99","4.25","3.75","1.75","4.6","4.0","1.75","0.92","1.0","0.9625","4.2","4.0","1.72","4.75","3.8","1.8","0.95","0.95","0.99","4.33","3.8","1.73","4.75","3.8","1.7","0.95","0.95","0.9350001","4.05","3.55","1.75","5.0","3.9","1.72","1.0","0.975","0.946","0.9","0.75","0.98","0.97","0.75","0.94","1.06","3.0","0.8","1.04","2.75","0.86","10.0","22.0"
"1.36","5.1","10.0","1.46","5.0","8.6","0.9928001","1.0","1.032","1.35","4.3","7.6","1.32","4.5","8.0","0.8976001","0.9","0.96","1.4","4.5","7.5","1.4","5.0","8.0","0.952","1.0","0.96","1.35","4.8","7.6","1.42","4.6","6.7","0.9656","0.92","0.804","1.35","4.75","9.0","1.37","4.75","9.0","0.9316","0.95","1.08","1.4","4.5","7.0","1.4","4.5","8.0","0.952","0.9","0.96","1.34","5.0","8.0","1.4","4.4","7.5","0.952","0.8800001","0.9","1.33","5.0","9.0","1.4","5.25","8.5","0.952","1.05","1.02","1.33","5.0","8.5","1.36","4.75","8.0","0.9248","0.95","0.96","1.3","4.8","8.1","1.4","4.95","8.0","0.952","0.9899999","0.96","0.98","-1.5","0.9","0.82","-1.25","1.11","0.8","2.75","1.06","0.95","3.0","0.95","00","00"
"6.0","3.85","1.55","6.4","4.6","1.58","1.088","1.058","0.9638001","5.8","4.1","1.45","6.0","4.6","1.38","1.02","1.058","0.8418","5.5","4.2","1.57","6.0","4.33","1.57","1.02","0.9959","0.9577001","5.6","3.9","1.55","5.4","3.7","1.6","0.918","0.851","0.976","6.25","4.0","1.53","5.75","4.25","1.55","0.9775","0.9775","0.9455","5.5","4.0","1.55","6.0","4.0","1.57","1.02","0.92","0.9577001","5.5","4.1","1.55","5.5","4.2","1.62","0.935","0.966","0.9882","6.0","4.33","1.5","6.5","4.5","1.53","1.105","1.035","0.9333","5.5","4.2","1.53","5.0","4.2","1.57","0.85","0.966","0.9577001","5.4","4.0","1.5","6.0","4.7","1.52","1.02","1.081","0.9272","1.03","1.0","0.85","1.07","1.0","0.85","0.8","2.75","1.06","1.07","3.25","0.83","10.0","21.0"
"1.92","3.35","3.6","1.9","3.7","4.6","0.969","0.9990001","1.012","1.85","3.35","3.75","1.78","3.35","4.05","0.9078","0.9045","0.891","1.95","3.4","3.8","1.85","3.5","4.5","0.9435","0.9450001","0.99","1.9","3.45","3.8","1.9","3.45","3.8","0.969","0.9315001","0.836","1.85","3.5","4.25","1.85","3.5","4.25","0.9435","0.9450001","0.935","1.85","3.3","4.2","1.85","3.4","4.5","0.9435","0.918","0.99","1.87","3.5","4.0","1.91","3.4","4.0","0.9741","0.918","0.88","1.9","3.5","4.0","1.85","3.75","4.5","0.9435","1.0125","0.99","1.85","3.5","4.0","1.85","3.4","4.33","0.9435","0.918","0.9526","1.87","3.4","3.7","1.82","3.6","4.6","0.9282","0.972","1.012","0.9","-0.5","0.98","0.82","-0.5","1.11","0.88","2.25","0.98","1.04","2.5","0.86","02","22"
"5.0","3.75","1.62","5.2","3.95","1.8","0.988","1.027","0.99","4.8","3.8","1.58","3.92","3.6","1.75","0.7448","0.9359999","0.9625","4.5","3.75","1.72","4.5","3.75","1.8","0.855","0.975","0.99","4.9","3.7","1.65","4.5","3.5","1.75","0.855","0.91","0.9625","5.5","3.85","1.6","5.0","3.75","1.7","0.95","0.975","0.9350001","4.8","3.75","1.65","4.5","3.4","1.85","0.855","0.884","1.0175","5.0","3.75","1.67","4.75","3.5","1.75","0.9025","0.91","0.9625","5.0","3.75","1.66","4.75","3.8","1.8","0.9025","0.988","0.99","5.0","3.7","1.7","4.75","3.7","1.73","0.9025","0.962","0.9515001","4.35","3.55","1.7","4.4","3.7","1.83","0.836","0.962","1.0065","0.98","0.75","0.9","0.84","0.75","1.08","1.08","2.75","0.78","1.06","2.75","0.84","01","02"
"1.66","3.6","5.3","1.59","4.3","7.2","0.9699001","1.032","1.08","1.5","3.85","5.6","1.45","3.9","6.3","0.8845","0.936","0.9450001","1.66","3.5","5.5","1.57","4.0","6.5","0.9577001","0.96","0.975","1.6","3.8","5.2","1.6","3.8","5.2","0.976","0.9119999","0.78","1.55","4.0","6.0","1.55","3.8","6.75","0.9455","0.9119999","1.0125","1.6","3.6","5.5","1.57","3.6","6.5","0.9577001","0.864","0.975","1.65","3.75","5.0","1.57","3.8","6.0","0.9577001","0.9119999","0.9","1.7","3.4","5.5","1.6","4.0","6.5","0.976","0.96","0.975","1.67","3.75","5.25","1.53","3.8","6.0","0.9333","0.9119999","0.9","1.7","3.55","4.35","1.59","3.9","6.5","0.9699001","0.936","0.975","0.88","-0.75","1.0","1.04","-1.0","0.88","0.93","2.25","0.93","0.98","2.5","0.92","10.0","10.0"
"4.6","3.65","1.85","4.3","3.65","1.99","0.9890001","0.9855","0.995","4.05","3.5","1.75","3.4","3.35","1.95","0.7820001","0.9045","0.975","4.2","3.5","1.85","4.0","3.6","1.95","0.92","0.972","0.975","4.2","3.5","1.8","4.0","3.45","1.85","0.92","0.9315001","0.925","4.5","3.5","1.8","4.25","3.5","1.85","0.9775","0.9450001","0.925","4.33","3.6","1.75","4.2","3.1","2.0","0.966","0.837","1.0","4.1","3.5","1.85","4.0","3.5","2.0","0.92","0.9450001","1.0","4.0","3.6","1.85","3.9","3.5","2.05","0.897","0.9450001","1.025","4.0","3.4","1.85","4.0","3.5","1.85","0.92","0.9450001","0.925","3.75","3.4","1.85","3.95","3.4","2.05","0.9085","0.918","1.025","1.0","0.5","0.88","0.86","0.5","1.06","1.03","2.5","0.83","0.99","2.5","0.91","12.0","13.0"
"2.88","3.35","2.58","2.92","3.45","2.66","0.9636","0.966","1.0108","2.55","3.28","2.45","2.6","3.2","2.45","0.858","0.896","0.931","2.75","3.4","2.5","2.8","3.25","2.62","0.924","0.91","0.9955999","2.6","3.2","2.6","2.75","3.3","2.4","0.9075","0.924","0.912","2.75","3.3","2.5","2.75","3.4","2.45","0.9075","0.952","0.931","2.62","3.3","2.5","2.75","3.0","2.75","0.9075","0.84","1.045","2.75","3.25","2.5","2.85","3.4","2.5","0.9405","0.952","0.95","2.6","3.4","2.62","2.87","3.3","2.7","0.9471","0.924","1.026","2.65","3.3","2.6","2.75","3.3","2.45","0.9075","0.924","0.931","2.5","3.25","2.55","2.8","3.3","2.64","0.924","0.924","1.0032","0.9","0.0","0.98","1.01","0.0","0.91","0.98","2.5","0.88","0.83","2.25","1.07","00","11"
"1.64","4.0","5.7","1.69","4.1","5.8","0.9633","1.025","1.044","1.68","3.68","4.2","1.44","4.2","5.8","0.8208","1.05","1.044","1.65","3.8","5.0","1.61","3.8","5.5","0.9177","0.95","0.99","1.65","3.6","5.1","1.7","3.6","4.7","0.969","0.9","0.846","1.65","3.85","5.0","1.65","3.85","5.0","0.9405","0.9625","0.9","1.7","3.75","4.4","1.57","4.0","5.5","0.8949","1.0","0.99","1.65","3.8","5.0","1.62","3.9","5.0","0.9234","0.975","0.9","1.66","3.75","5.0","1.55","4.33","6.5","0.8835","1.0825","1.17","1.65","3.8","5.0","1.55","4.1","5.5","0.8835","1.025","0.99","1.6","3.7","4.85","1.52","4.4","6.3","0.8664","1.1","1.134","1.12","-1.0","0.77","0.92","-1.0","1.0","0.8","2.5","1.06","0.87","2.75","1.03","10.0","12.0"
"1.91","3.55","4.1","1.91","3.85","4.5","0.955","1.0395","1.035","1.88","3.33","3.65","1.8","3.3","4.05","0.9","0.891","0.9315001","1.9","3.4","4.2","1.85","3.5","4.5","0.925","0.9450001","1.035","1.85","3.45","4.0","1.85","3.45","4.0","0.925","0.9315001","0.92","1.9","3.5","4.0","1.85","3.6","4.0","0.925","0.972","0.92","1.95","3.5","3.6","1.85","3.5","4.33","0.925","0.9450001","0.9959","1.87","3.5","4.0","1.85","3.6","4.5","0.925","0.972","1.035","1.85","3.5","4.2","1.85","3.8","4.5","0.925","1.026","1.035","1.91","3.5","3.8","1.85","3.6","4.0","0.925","0.972","0.92","1.82","3.4","3.9","1.83","3.6","4.6","0.915","0.972","1.058","0.85","-0.5","1.03","0.83","-0.5","1.09","0.81","2.25","1.05","1.06","2.75","0.84","10.0","20.0"
"2.54","3.3","3.15","2.42","3.4","3.35","0.9922","0.986","1.005","2.33","3.2","2.75","2.2","3.1","3.05","0.902","0.8989999","0.915","2.5","3.2","2.8","2.4","3.25","3.1","0.984","0.9425","0.93","2.3","3.3","2.9","2.4","3.2","2.85","0.984","0.928","0.855","2.5","3.25","2.8","2.25","3.25","3.25","0.9225","0.9425","0.975","2.3","3.1","3.1","2.3","3.2","3.2","0.943","0.928","0.96","2.4","3.25","2.9","2.35","3.2","3.3","0.9635","0.928","0.99","2.5","3.2","2.87","2.3","3.4","3.4","0.943","0.986","1.02","2.4","3.25","2.95","2.3","3.25","3.1","0.943","0.9425","0.93","2.45","3.25","2.6","2.28","3.25","3.4","0.9348","0.9425","1.02","0.85","0.0","1.03","0.98","-0.25","0.93","1.01","2.25","0.85","1.0","2.25","0.9","10.0","20.0"
"1.19","4.7","5.6","1.29","6.4","13.0","0.9675","1.024","1.17","1.23","5.2","10.0","1.23","5.2","10.0","0.9225","0.832","0.9","1.25","6.0","12.0","1.28","5.5","12.0","0.96","0.88","1.08","1.3","5.0","9.0","1.3","5.0","9.0","0.975","0.8","0.8100001","1.25","5.75","12.0","1.25","5.75","12.0","0.9375","0.92","1.08","1.25","6.0","10.0","1.3","5.0","11.0","0.975","0.8","0.99","1.18","6.5","12.0","1.28","5.5","9.5","0.96","0.88","0.855","1.22","6.0","12.0","1.28","6.0","13.0","0.96","0.96","1.17","1.25","6.0","9.5","1.25","5.75","10.0","0.9375","0.92","0.9","1.25","5.6","8.25","1.27","6.3","10.5","0.9525","1.008","0.9450001","0.98","-1.75","0.9","1.03","-1.75","0.89","1.05","3.0","0.81","0.83","3.0","1.07","00","30.0"
"1.55","2.86","4.2","1.87","3.75","4.9","1.0098","0.975","0.98","1.68","3.55","4.4","1.75","3.3","4.35","0.9450001","0.858","0.87","1.72","3.75","4.75","1.85","3.6","4.5","0.9990001","0.9359999","0.9","1.72","3.6","4.6","1.72","3.6","4.6","0.9288","0.9359999","0.92","1.67","3.75","5.0","1.73","3.65","4.75","0.9342","0.949","0.95","1.73","3.75","4.5","1.85","3.2","4.8","0.9990001","0.832","0.96","1.7","3.5","4.75","1.83","3.6","4.1","0.9882001","0.9359999","0.82","1.72","3.5","5.0","1.95","3.5","4.33","1.053","0.91","0.866","1.7","3.6","4.8","1.7","3.6","4.8","0.918","0.9359999","0.96","1.7","3.55","4.35","1.92","3.45","4.3","1.0368","0.897","0.8600001","0.9","-0.75","0.98","0.92","-0.5","1.0","0.81","2.5","1.05","0.87","2.5","1.03","00","00"
"1.17","7.8","23.0","1.18","9.2","20.0","0.9675999","1.196","1.2","1.13","7.0","13.0","1.13","7.0","13.0","0.9266","0.91","0.78","1.16","7.5","17.0","1.16","7.5","19.0","0.9511999","0.975","1.14","1.17","6.5","14.0","1.17","6.5","14.0","0.9593999","0.845","0.84","1.16","7.5","16.0","1.15","7.5","18.0","0.943","0.975","1.08","1.17","7.0","15.0","1.17","6.0","21.0","0.9593999","0.78","1.26","1.22","6.0","10.5","1.18","6.25","15.0","0.9675999","0.8125","0.9","1.16","7.0","15.0","1.14","9.0","23.0","0.9348","1.17","1.38","1.18","7.5","12.0","1.15","7.5","15.0","0.943","0.975","0.9","1.15","7.0","11.5","1.16","8.2","16.5","0.9511999","1.066","0.9899999","0.83","-2.0","1.05","0.79","-2.0","1.14","0.85","3.0","1.01","0.88","3.25","1.02","10.0","21.0"
"2.54","3.1","1.96","4.3","3.65","2.02","1.032","1.022","0.9696","3.4","3.22","2.0","3.7","3.25","1.9","0.888","0.91","0.9119999","3.6","3.4","2.05","4.0","3.5","2.0","0.96","0.98","0.96","3.3","3.3","2.1","3.3","3.3","2.1","0.792","0.924","1.008","3.6","3.3","2.05","3.8","3.5","1.95","0.9119999","0.98","0.936","3.5","3.25","2.1","4.2","3.1","2.0","1.008","0.868","0.96","3.5","3.25","2.05","4.0","3.4","1.91","0.96","0.952","0.9168","3.6","3.5","2.0","4.33","3.75","1.9","1.0392","1.05","0.9119999","3.5","3.4","2.05","4.0","3.4","1.9","0.96","0.952","0.9119999","3.25","3.3","2.05","4.2","3.6","1.88","1.008","1.008","0.9024","1.12","0.25","0.77","1.04","0.5","0.88","0.8","2.25","1.06","0.97","2.5","0.93","01","01"
"1.95","2.88","2.9","2.44","3.45","3.25","1.0248","0.966","0.975","2.08","3.25","3.15","2.2","3.2","2.95","0.924","0.896","0.8850001","2.2","3.4","3.3","2.37","3.4","3.1","0.9953999","0.952","0.93","2.2","3.3","3.1","2.2","3.3","3.1","0.924","0.924","0.93","2.1","3.3","3.5","2.25","3.3","3.15","0.945","0.924","0.9450001","2.15","3.4","3.25","2.4","3.1","3.1","1.008","0.868","0.93","2.2","3.2","3.2","2.3","3.3","3.0","0.966","0.924","0.9","2.15","3.5","3.2","2.4","3.5","3.1","1.008","0.98","0.93","2.1","3.4","3.3","2.2","3.4","3.15","0.924","0.952","0.9450001","2.1","3.3","3.1","2.4","3.35","3.09","1.008","0.938","0.927","0.8","-0.25","1.08","1.12","-0.25","0.81","0.88","2.5","0.98","0.94","2.5","0.96","00","01"
"3.25","2.82","1.73","3.75","3.75","2.1","1.0125","1.0125","0.966","3.75","3.35","1.85","3.41","3.2","2.0","0.9207001","0.864","0.92","3.8","3.6","1.9","3.5","3.6","2.15","0.9450001","0.972","0.9890001","3.6","3.3","2.0","3.3","3.3","2.1","0.891","0.891","0.966","4.0","3.65","1.85","3.5","3.5","2.05","0.9450001","0.9450001","0.943","3.75","3.6","1.91","3.75","3.1","2.15","1.0125","0.837","0.9890001","4.3","3.4","1.8","3.5","3.6","2.1","0.9450001","0.972","0.966","4.2","3.5","1.83","3.6","3.7","2.1","0.972","0.9990001","0.966","3.8","3.5","1.9","3.7","3.5","1.95","0.9990001","0.9450001","0.897","3.75","3.4","1.85","3.5","3.6","2.12","0.9450001","0.972","0.9751999","0.75","0.75","1.14","0.81","0.5","1.12","0.98","2.75","0.88","0.87","2.5","1.03","00","10"
"2.0","3.05","3.25","2.48","3.4","3.2","0.992","0.986","0.992","2.13","3.2","3.1","2.2","3.2","2.97","0.8800001","0.928","0.9207","2.25","3.3","3.2","2.3","3.4","3.2","0.92","0.986","0.992","2.25","3.2","3.1","2.25","3.2","3.1","0.9","0.928","0.961","2.2","3.25","3.3","2.35","3.25","3.0","0.94","0.9425","0.93","2.2","3.25","3.25","2.4","3.1","3.1","0.96","0.8989999","0.961","2.1","3.2","3.4","2.5","3.2","2.8","1.0","0.928","0.868","2.1","3.4","3.4","2.3","3.5","3.3","0.92","1.015","1.023","2.15","3.4","3.3","2.35","3.2","3.1","0.94","0.928","0.961","2.1","3.3","3.1","2.35","3.45","3.05","0.94","1.0005","0.9455","0.8","-0.25","1.08","1.05","-0.25","0.87","0.83","2.25","1.03","1.11","2.5","0.8","10.0","22.0"
"3.25","3.15","2.08","4.4","3.7","1.98","1.056","1.036","0.9504","3.2","3.28","2.05","4.2","3.4","1.75","1.008","0.952","0.84","3.3","3.4","2.2","4.0","3.6","1.9","0.96","1.008","0.9119999","3.3","3.3","2.1","3.3","3.3","2.1","0.792","0.924","1.008","3.4","3.3","2.15","4.0","3.5","1.9","0.96","0.98","0.9119999","3.5","3.25","2.1","4.33","3.2","1.91","1.0392","0.896","0.9168","3.2","3.2","2.2","4.2","3.5","1.95","1.008","0.98","0.936","3.25","3.5","2.1","4.5","3.6","1.9","1.08","1.008","0.9119999","3.25","3.4","2.15","4.0","3.4","1.9","0.96","0.952","0.9119999","3.0","3.3","2.15","4.2","3.6","1.9","1.008","1.008","0.9119999","1.0","0.25","0.88","1.02","0.5","0.9","0.91","2.5","0.95","0.83","2.25","1.07","10.0","12.0"
"1.6","3.4","4.0","2.1","3.75","3.85","1.029","0.975","0.9625","1.8","3.45","3.85","1.95","3.4","3.34","0.9555001","0.884","0.835","1.83","3.8","4.0","2.05","3.6","3.75","1.0045","0.9359999","0.9375","1.9","3.3","4.0","2.0","3.3","3.6","0.98","0.858","0.9","1.8","3.75","4.25","1.95","3.65","3.6","0.9555001","0.949","0.9","1.83","3.75","4.0","2.05","3.4","4.0","1.0045","0.884","1.0","1.65","4.0","4.5","2.0","3.75","3.7","0.98","0.975","0.925","1.75","3.75","4.33","2.0","3.7","3.9","0.98","0.962","0.975","1.83","3.6","4.2","1.95","3.5","3.7","0.9555001","0.91","0.925","1.8","3.45","3.95","2.06","3.55","3.65","1.0094","0.923","0.9125","1.03","-0.75","0.85","1.06","-0.5","0.86","0.85","2.75","1.01","1.05","3.0","0.85","00","10"
"1.85","3.0","2.96","2.12","3.45","4.1","0.9751999","1.0005","1.066","2.05","3.2","3.28","1.95","3.2","3.57","0.897","0.928","0.9281999","2.15","3.3","3.5","2.1","3.4","3.6","0.966","0.986","0.9359999","2.1","3.3","3.3","2.1","3.3","3.3","0.966","0.957","0.858","2.1","3.3","3.5","2.05","3.3","3.65","0.943","0.957","0.949","2.1","3.25","3.5","2.1","3.2","3.6","0.966","0.928","0.9359999","2.1","3.3","3.4","2.1","3.4","3.7","0.966","0.986","0.962","2.1","3.3","3.5","2.1","3.4","3.9","0.966","0.986","1.014","2.2","3.3","3.25","2.05","3.25","3.7","0.943","0.9425","0.962","2.15","3.3","3.0","1.99","3.45","4.0","0.9154","1.0005","1.04","0.85","-0.25","1.03","1.0","-0.5","0.92","1.05","2.5","0.81","0.87","2.25","1.03","01","13.0"
